order_id,order_timestamp,store_id,store_location_city,customer_id,customer_email,product_category,product_sku,quantity_sold,sale_amount
dbd6c0ed-b9cf-4f12-978b-32cb07b648bb,2026-05-23T03:50:46.983Z,86626159,Sonjaville,Home Loan Account,Amiya38@yahoo.com,Tools,talus,7,4738.23
b7976d63-9cb1-483a-9f12-04cee7ed20e7,2026-04-16T15:59:36.559Z,82522966,Cassinstad,Savings Account,Jane.Balistreri72@yahoo.com,Kids,utroque,6,4400.55
67434dfe-6b7c-4244-ab66-cd1f64e32054,2026-06-28T15:11:00.766Z,86400120,Auburn,Home Loan Account,Jon79@hotmail.com,Music,delectus,2,4320.26
bd0f24f6-36fd-4f3f-9a25-409bf48dbbea,2026-04-18T16:12:38.141Z,38761065,Leschfort,Home Loan Account,Johnnie_Nikolaus16@gmail.com,Automotive,demergo,5,3518.78
f872e767-ebba-4796-8cda-ae592c202cfc,2026-05-06T13:28:07.020Z,60017080,Sanfordville,Investment Account,Garrison54@yahoo.com,Clothing,centum,9,3731.57
c0615549-f370-4325-ac1b-18fabd5f7a1f,2026-06-12T21:10:24.624Z,38774216,St. Louis,Auto Loan Account,Rachel.Rolfson@hotmail.com,Books,facilis,6,1812.18
187541a1-363b-4e03-9d43-e4a52ee7a622,2026-04-24T04:14:27.188Z,35188970,East Rileyfurt,Money Market Account,Rene_Dach36@yahoo.com,Outdoors,bardus,6,4802.2
59b47f13-9ed0-4ff4-b925-eb4653619c5a,2026-04-06T22:25:58.697Z,79136709,West Fredericberg,Personal Loan Account,Kelvin57@hotmail.com,Industrial,adhaero,10,904.04
8aab8083-496e-49ca-a83e-c06914066a1e,2026-06-07T15:27:50.805Z,4697816,Rathton,Credit Card Account,Glenn_McGlynn55@hotmail.com,Health,uter,4,4377.2
89e33c03-ecf6-45d8-a775-2d5b30cc8609,2026-05-05T15:54:48.000Z,92763720,Tracicester,Checking Account,Elbert11@hotmail.com,Grocery,attollo,6,979.07
95bfc68c-4c2b-4140-968f-b05ac3f9da3c,2026-04-19T01:25:35.139Z,2575979,Bonita Springs,Investment Account,Rosemary.Kessler15@hotmail.com,Tools,conqueror,2,1813.73
3316fc04-8742-4983-88fa-7ed098898310,2026-06-30T13:00:20.214Z,15662850,Escondido,Home Loan Account,Evans86@hotmail.com,Games,verus,6,702.48
cf5d7940-5c85-4d2b-b623-cbc16fa8cc66,2026-04-04T10:35:43.051Z,24113252,North Lloyd,Savings Account,Janick93@yahoo.com,Grocery,alii,6,2148.23
9aef3da3-142d-483a-91be-dc1a8cf47368,2026-04-19T20:17:37.856Z,58334070,Jessicafield,Savings Account,Shaniya.OConner@gmail.com,Kids,vomito,6,1017.8
195f48a8-ad54-4d25-9ca0-5e8aa203555b,2026-04-27T03:36:48.362Z,96904845,Maxinestead,Investment Account,Tyrel_Hoeger41@gmail.com,Books,temporibus,1,2735.44
256d6c8a-a2b4-4aa7-bf7d-6d5ff7f80da4,2026-05-23T13:31:38.236Z,26884885,Lake Magnoliafort,Checking Account,Arlo72@yahoo.com,Outdoors,cumque,4,2781.53
6574b300-c05b-42e0-8163-4fe15fc8334d,2026-04-21T17:49:14.804Z,2623911,Lancaster,Personal Loan Account,Linda71@gmail.com,Computers,volva,7,3825.75
d029c106-cc80-4b99-a11d-ebc755f8c74e,2026-04-18T22:46:43.086Z,30592123,Jovaniworth,Auto Loan Account,Moses_Gusikowski9@yahoo.com,Movies,curatio,10,2734.48
19752d14-4f6a-428a-aeb5-05673e478b02,2026-05-13T20:41:05.176Z,13190645,New Mathewshire,Personal Loan Account,Lisa.Johnston@gmail.com,Sports,vespillo,4,958.18
eff59bdc-676f-4f85-93ea-fafd1bb8504e,2026-06-22T19:22:40.684Z,66013372,Bayerhaven,Personal Loan Account,June_OConnell49@gmail.com,Jewelry,copiose,6,3064.07
589db795-0d52-431a-b947-482504c523e7,2026-06-18T21:42:39.071Z,89305316,Scotstead,Home Loan Account,Arturo_Rippin60@yahoo.com,Sports,vesper,1,652.05
1bc167a7-ded3-484e-986d-8a597d96bf1e,2026-07-01T15:34:16.124Z,26437286,Fort Orvillefurt,Checking Account,Nina_Russel@hotmail.com,Music,claustrum,10,1999.99
54e2442e-7142-453f-92ab-f82e28790c2e,2026-04-04T14:38:06.046Z,64299597,Port Amieburgh,Home Loan Account,Ernesto4@hotmail.com,Home,aedificium,4,4802.86
b1148c15-ee47-4885-90ce-7894c519fb3b,2026-04-07T19:51:25.184Z,62002287,East Rozella,Home Loan Account,Therese_Paucek@hotmail.com,Kids,apparatus,10,1134.89
841281eb-000a-45fc-bae1-020953607560,2026-06-01T09:01:50.890Z,22971063,Mohrcester,Home Loan Account,Hannah_Osinski7@gmail.com,Books,vesco,2,3987.96
c64ecb71-2003-49ac-bb4d-08e9e3f2890b,2026-05-16T20:54:25.055Z,34894012,Aufderharside,Home Loan Account,Emil.Donnelly42@yahoo.com,Shoes,tum,7,1779.17
56714de9-c102-4e10-a3e0-8e9c2b0de7f6,2026-04-19T18:41:38.858Z,94193758,East Phillipfurt,Checking Account,Abdul25@hotmail.com,Beauty,comis,10,548.66
1943671e-786a-4214-b063-56969bd2e82a,2026-06-28T16:09:36.295Z,11628198,East Rocky,Investment Account,Elvis19@yahoo.com,Music,iure,3,4835.66
21b8bd11-b494-40c7-979a-7b81ab6d4db5,2026-05-13T16:00:10.981Z,36542906,Maricopa,Money Market Account,Calvin_Koch49@gmail.com,Kids,vinculum,2,3599.87
a1220278-bd06-4541-98d1-4196e2c5deb1,2026-06-24T10:49:17.155Z,51618916,Rogahnhaven,Money Market Account,Javonte.Lowe90@yahoo.com,Shoes,amo,8,3775.91
d285ce70-d013-499e-9d73-41b60c721ad3,2026-04-06T17:07:57.561Z,10515326,Dearborn Heights,Checking Account,Lee45@hotmail.com,Electronics,creator,9,4324.71
cf0fc88b-476d-43c6-bcf4-e4a355b4fe6a,2026-06-02T22:37:47.910Z,10980906,North Eunaberg,Checking Account,Carlton_Blanda73@hotmail.com,Sports,chirographum,1,1743.81
6bf0dd11-c1a0-4ec8-8dc4-f4cc121fc079,2026-06-12T09:56:56.307Z,82709526,Fort Bryanchester,Home Loan Account,Scottie_Walsh@gmail.com,Grocery,annus,1,3483.06
06b1bb53-5814-4811-8375-4f0f19b06ed5,2026-05-27T08:01:29.276Z,30515871,Lake Herthastad,Checking Account,Ollie.Robel@gmail.com,Garden,auditor,1,3824.76
9420da7f-53c3-4e5a-a1eb-e51beee5155b,2026-04-04T09:02:17.975Z,43760228,Thornton,Home Loan Account,Maye.Hoeger44@yahoo.com,Garden,natus,1,135.64
8b753be6-eefe-4bc2-8d09-fff6b9ee2eca,2026-05-04T15:45:26.776Z,42104385,North Mallie,Auto Loan Account,Cheryl.Ullrich4@yahoo.com,Tools,voluptatum,5,4264.55
412f0042-e162-4689-9fe7-d14d4e788333,2026-06-20T19:01:25.382Z,38270140,Lubbock,Credit Card Account,Franklin_Stroman26@hotmail.com,Games,fugit,7,1354.76
d8953819-30e0-40bf-8876-e645a538768d,2026-06-11T04:00:13.268Z,81046472,Okunevafurt,Home Loan Account,Patrick38@hotmail.com,Garden,tandem,2,914.81
5b68ff6c-142e-4d99-a40e-aceaa5e00973,2026-04-17T23:54:36.212Z,54419038,Fort Jettieworth,Credit Card Account,Rylan.MacGyver@hotmail.com,Automotive,cilicium,6,3541.15
05c4656e-4959-4bc0-ab82-5716e638af62,2026-04-28T03:49:32.628Z,808436,New Mindyshire,Investment Account,Jodi.Kris38@yahoo.com,Books,terga,3,4608.6
69e994d6-f5b5-45b8-8659-7eade3f36042,2026-04-22T13:11:00.215Z,14469759,South Sister,Savings Account,Agustin.Lubowitz13@hotmail.com,Games,verto,10,4876.74
2323b75b-5524-428a-a637-c6737616d832,2026-04-06T05:11:34.844Z,1131465,Port Walter,Savings Account,Tommie69@gmail.com,Automotive,magni,1,1481.25
bc2d1b27-2056-4b9a-8001-b534506c3dfb,2026-05-15T22:19:26.125Z,5917408,Lenexa,Personal Loan Account,Austin_Nolan0@yahoo.com,Electronics,ratione,1,4689.23
91067303-8a8f-4134-bfcd-64658272a5ed,2026-05-03T08:18:46.974Z,52761601,Weberville,Auto Loan Account,Electa_Heathcote@gmail.com,Games,coniuratio,3,2651.48
0503c3d0-aa77-4761-a09a-c1457278efce,2026-06-07T18:40:22.011Z,19254531,Lake Sergio,Money Market Account,Terry36@gmail.com,Industrial,quibusdam,3,83.78
2fac4df5-1f76-4e57-8f1b-a7b8be11c4c9,2026-06-11T08:41:57.763Z,34877142,Pourosview,Personal Loan Account,Kaitlin_Sawayn@hotmail.com,Clothing,vehemens,2,4345.59
b46387aa-23aa-440d-852b-1f9bd4369e22,2026-06-18T12:44:46.870Z,8932666,West Gissellemouth,Credit Card Account,Christina93@yahoo.com,Games,turbo,8,4835.21
3e8f2c96-3662-455d-85c3-0872e8078b27,2026-04-28T08:14:06.390Z,59315455,Port Ciaratown,Home Loan Account,Lilian_Volkman@hotmail.com,Industrial,caveo,9,678.91
41184ae5-643d-42d8-a4b0-47e921441412,2026-05-28T19:09:23.585Z,38754986,Dietrichton,Home Loan Account,Jordan.Luettgen@hotmail.com,Music,bene,10,2788.73
5cbc93fc-cbf8-4422-a643-9838c3347739,2026-05-07T16:29:42.317Z,732794,Fort Leo,Checking Account,Presley.Walker64@hotmail.com,Clothing,tametsi,5,982.52
9b579896-892e-4041-b0c6-b6b1c0e444e9,2026-04-28T00:53:24.863Z,56349588,Lake Diannaview,Money Market Account,Jordy_Huel60@yahoo.com,Automotive,textus,3,3714.5
426631a7-9a2b-4979-b308-333e70396490,2026-04-19T02:20:23.478Z,63431229,Margareteside,Checking Account,Crystal83@gmail.com,Home,aer,3,1920.85
05073293-8fe0-4193-a54c-9953ca43b5e8,2026-06-03T21:19:43.187Z,60502816,Port Beulahstead,Personal Loan Account,Iva96@gmail.com,Games,vel,8,134.78
94e134cc-ad5f-433f-9f9d-914172c8b038,2026-06-15T17:51:40.483Z,35374398,Deckowhaven,Money Market Account,Domingo.Fisher@hotmail.com,Games,voveo,1,152.1
94e3ac11-7030-4c68-b70a-cd245095ef65,2026-05-08T17:59:46.402Z,104659,Nashville-Davidson,Money Market Account,Mindy33@yahoo.com,Jewelry,amoveo,5,468.15
e947428e-8823-4b75-9844-7d8f1a02542f,2026-05-21T17:05:40.567Z,16682510,Jordanetown,Personal Loan Account,Kylie_Glover3@gmail.com,Outdoors,strenuus,5,4096.48
f5978112-0559-4fa6-b9d7-edbcd0f0bbae,2026-04-14T17:07:03.138Z,95983550,South Maria,Investment Account,Rochelle.Muller31@hotmail.com,Toys,annus,3,3681.27
63dff8ec-4eb8-4643-b347-98809ca28e76,2026-05-14T16:27:34.887Z,74236202,Creminton,Credit Card Account,Louis.Koss97@yahoo.com,Grocery,nostrum,2,191.43
39819e70-4003-429d-a01d-98887a8c0a9e,2026-06-09T03:05:23.341Z,28029283,New Franceshaven,Home Loan Account,Marlene_Lang@yahoo.com,Computers,adulatio,5,1238.06
fa6c606c-6a24-45ce-8210-7d91beda9a65,2026-04-06T20:26:25.066Z,89263191,Noahside,Personal Loan Account,Kelly.Shanahan18@hotmail.com,Sports,asporto,7,4454.29
3ab5c5b9-4141-45e5-8871-ad53a0a9edbf,2026-04-12T13:22:06.228Z,32435490,North Jaeden,Personal Loan Account,Montana.Johnston11@gmail.com,Computers,commodi,3,783.68
3e2a4c7b-03b1-484d-af8f-3c6b30552bac,2026-05-31T09:05:52.232Z,13667812,Colorado Springs,Auto Loan Account,Thora.Kunze13@gmail.com,Beauty,modi,2,1031.37
8daddfaa-6ad8-4847-9bd5-37594074d712,2026-04-11T06:31:40.161Z,26225987,New Gino,Personal Loan Account,Yasmine_OKeefe38@hotmail.com,Garden,colo,10,29.74
fc6cb425-bb4f-4541-8fa8-b02ab6f18d4e,2026-05-22T22:54:21.564Z,86904281,Port Anjali,Investment Account,Chris54@gmail.com,Baby,accedo,7,841.19
3c2b934b-6da9-46e8-b21d-c3b3900ee2b5,2026-06-30T21:58:15.220Z,6897765,Bothell,Savings Account,Leif.Hickle-Mohr@gmail.com,Tools,tergeo,10,2192.15
ae66c304-8fe6-4a8b-97a0-077a07eba622,2026-05-29T20:27:38.637Z,6863920,Corneliusside,Personal Loan Account,Kelton81@hotmail.com,Health,expedita,9,3349.64
df526014-57cb-4949-8819-a9cbd65de6cd,2026-05-06T13:38:23.839Z,17882746,Fremont,Savings Account,Jettie77@gmail.com,Sports,derelinquo,1,4660.54
4594f344-0965-417a-b4a2-cb148678b15d,2026-07-01T13:28:06.679Z,37682522,South Estebanmouth,Investment Account,Ottis_Gleichner-Sipes52@hotmail.com,Garden,contego,8,2481.66
f30d3bdf-3e0e-420f-98c2-9a5740dfeda4,2026-06-24T11:29:01.488Z,39881565,South Christa,Auto Loan Account,Carroll75@yahoo.com,Grocery,quia,4,2732.92
de70c2c0-7f8f-40a3-b783-3a96229ce31c,2026-05-25T03:23:49.787Z,60477451,Gottliebville,Home Loan Account,Miller3@hotmail.com,Electronics,uterque,5,3474.18
f001c31d-e1db-4316-8f01-127ff8637efe,2026-06-12T05:56:20.129Z,29509299,Port Bettestead,Personal Loan Account,Bettye_Jast6@yahoo.com,Garden,non,4,4006.19
326626d7-0c7e-487e-a757-58fdaf36d1a8,2026-05-04T19:54:01.073Z,34551805,Dachworth,Auto Loan Account,Maximillian_Boyer90@gmail.com,Baby,validus,4,682.67
1cf85e5f-19ac-4782-b336-6a68cca7a390,2026-05-08T00:02:11.452Z,7875070,Starkfield,Personal Loan Account,Santiago_Schultz@gmail.com,Games,soluta,4,4996.05
1b6315a2-bdcf-4afc-9ede-1790b527ed01,2026-04-08T17:43:32.289Z,15842394,Wiegandville,Personal Loan Account,Vanessa.Howe@yahoo.com,Computers,ater,10,539.21
518afcfb-7c33-4544-81af-24c128a52156,2026-05-18T02:35:01.891Z,88331919,Adamstead,Home Loan Account,Janis.Rohan46@yahoo.com,Garden,subiungo,6,4316.78
80e9f13e-ea18-47a7-a756-d54eec791c2a,2026-05-16T14:24:14.046Z,83925273,Port Josefinaberg,Auto Loan Account,Marco27@hotmail.com,Sports,tutamen,4,840.22
7ca57f34-8b75-41eb-afc1-e65d3f5812d4,2026-05-21T13:11:38.001Z,61249223,New Evangeline,Credit Card Account,Meghan.White43@gmail.com,Music,stabilis,5,3101.02
a6ba930b-16e1-461f-b742-71d0e1758718,2026-05-17T09:59:57.760Z,72643813,Lindland,Personal Loan Account,Walker_Fisher49@hotmail.com,Tools,coniecto,7,4937.15
8172df8d-c6d6-4e70-8c05-ff75390e2102,2026-06-24T18:31:42.825Z,90680379,Cleveland,Home Loan Account,Maryann_Ebert@hotmail.com,Outdoors,spoliatio,5,1504.01
3b264c3d-0d58-49dd-abd6-5eb6e8ec0c7c,2026-05-04T05:56:22.700Z,33502527,New Paulineshire,Credit Card Account,Faith_Skiles39@yahoo.com,Baby,alo,7,788.37
728e96df-8739-45e4-b308-171fe2f26b7f,2026-04-06T03:38:27.776Z,95371296,North Coreyborough,Checking Account,Jo_Tillman64@yahoo.com,Baby,adulatio,2,887.03
75f06c66-52dc-468b-8e9a-29c3861290cd,2026-04-24T04:38:43.167Z,42515753,North Micheleburgh,Savings Account,Tomas.OConner@gmail.com,Outdoors,despecto,6,4178.47
f938c41c-5d1f-4b46-9b89-635a2e4f5e39,2026-06-10T17:21:01.808Z,686608,Chattanooga,Checking Account,Lyle_Hoeger74@hotmail.com,Movies,callide,3,93.07
08294d5a-0827-488c-b347-a28af3a91616,2026-04-13T07:49:25.551Z,1436505,Huntsville,Investment Account,Cynthia.Franey@gmail.com,Sports,versus,5,215.63
ad5580b5-137e-4cb0-b5da-b2e2676058be,2026-05-22T15:36:57.034Z,4485814,North Shainahaven,Money Market Account,Steve_Hammes80@yahoo.com,Home,condico,8,3156.66
d4e7df41-d908-4688-8b0e-3a6cbc449433,2026-04-07T22:20:58.199Z,90094300,Port Jarrell,Personal Loan Account,Adam.Bogan@gmail.com,Toys,creptio,6,233.13
94137f17-55ed-45d5-9e72-7419c5b343f6,2026-05-19T12:07:48.841Z,25766880,Quigleyborough,Home Loan Account,Jarrod99@gmail.com,Beauty,conforto,3,1822.18
01515283-f56b-41e9-a622-ceea13e6f8fa,2026-06-11T23:07:29.409Z,48775119,Lake Lindsay,Money Market Account,Ali39@gmail.com,Music,ventus,2,3356.95
b2ef66b9-b1d3-4869-8021-f034d240443c,2026-04-04T09:06:15.284Z,73277002,Jakubowskiburgh,Investment Account,Archie_Terry80@gmail.com,Garden,vigilo,1,2892.1
ebf13357-3b26-4b50-8770-781a141b60c1,2026-05-04T21:27:41.633Z,10253739,Chicopee,Investment Account,Forrest34@yahoo.com,Jewelry,venia,6,2556.67
8290afb9-bf78-4a99-843d-ba93044e3534,2026-06-14T00:27:04.592Z,56214755,Madera,Investment Account,Taylor.Walker@gmail.com,Electronics,spiritus,2,3922.24
774a24ef-2f69-42ed-b513-c3768bee4cad,2026-06-30T00:50:55.298Z,37297078,Pinellas Park,Personal Loan Account,Lucille83@gmail.com,Kids,similique,9,4557.14
24e76b58-969f-4b65-ba9e-26c93ae15c25,2026-04-11T07:01:48.605Z,94343072,Port Torrey,Auto Loan Account,Ben.Witting@hotmail.com,Beauty,expedita,4,2920.25
563d297f-43f3-49cc-8fd7-faa0325dc06a,2026-06-08T16:51:31.403Z,29676759,West Lorenzo,Auto Loan Account,Homer_Dickinson@yahoo.com,Health,curvo,2,203.05
c0ebcab6-8ecc-4c91-b6ab-d421de0931a5,2026-04-25T05:03:44.417Z,86234780,Fort Brian,Credit Card Account,Sherman34@hotmail.com,Books,damno,9,3296.1
0a080e58-446a-4004-8f26-2ed6fc9b03a2,2026-05-09T10:07:59.327Z,59033581,Lake Kathryn,Personal Loan Account,Charlie_Kuphal73@gmail.com,Health,dolores,7,2469.34
e9ccd671-be5c-4c2e-9d4a-5d7be4f9e871,2026-06-26T23:17:00.641Z,74822996,Coltonstead,Savings Account,Bobbie.Thompson97@yahoo.com,Garden,tredecim,3,2881.29
87087ec8-9464-4b00-bad2-154003bb04fe,2026-06-12T00:32:20.916Z,33498669,Schimmelside,Money Market Account,Cayla.Grady@yahoo.com,Movies,sumptus,9,1302.18
a1658431-cce1-40bb-9faf-147ec80b32b9,2026-04-07T08:50:25.566Z,31500697,Fort Ronnie,Money Market Account,Belinda_Johnson20@yahoo.com,Sports,adsum,1,861.81
02c6caae-bf37-4047-aa8e-e2d48a9b7273,2026-05-08T05:30:52.996Z,62202038,North Elvirastead,Checking Account,Esperanza_Rowe@hotmail.com,Outdoors,error,4,3221.12
1ded3d38-6bb1-4a4c-9809-55ef27ca5386,2026-06-22T18:15:05.117Z,89007684,Lake Karlborough,Investment Account,Marcelino_Jaskolski67@hotmail.com,Industrial,tabesco,6,3363.34
b6e2d62b-89b1-44b3-8961-0f26b6b21b23,2026-05-28T20:52:18.482Z,32117859,Port Charleyfield,Home Loan Account,Ruby.Champlin52@yahoo.com,Baby,canto,8,3496.93
5599bfb2-9cda-497d-8644-13653de47a5a,2026-05-29T18:05:41.349Z,3221861,Tamiami,Credit Card Account,Natasha82@gmail.com,Beauty,claustrum,2,3791.33
90b87401-894e-47a7-9ea9-58130335eb85,2026-06-18T08:25:16.522Z,98996385,Darrellview,Money Market Account,Chelsea.Beahan86@hotmail.com,Jewelry,tego,9,583.6
872cabc1-c89b-4a83-8436-d90e298dd00a,2026-05-09T05:24:29.101Z,13852549,Germantown,Home Loan Account,Calvin22@yahoo.com,Outdoors,aequitas,5,2596.82
cbfa201d-9923-4db1-888e-aadbb13be9cb,2026-06-17T15:40:45.661Z,87543983,Fort Enid,Credit Card Account,Tammy.Senger86@gmail.com,Sports,vilicus,10,1596.22
fe94da20-df08-4546-8f56-188c294fdb54,2026-04-14T00:14:54.311Z,42059899,Willhaven,Personal Loan Account,Enid.Powlowski66@yahoo.com,Industrial,compello,4,4799
01ce6d1e-1ccc-4374-9992-005141e179ce,2026-06-14T13:29:05.192Z,40699670,East Elvira,Checking Account,Luke22@yahoo.com,Books,cunae,6,4854.99
3c830fa7-8606-431e-949c-f34be977b617,2026-04-04T04:05:02.181Z,48204989,West Leilanicester,Money Market Account,Wendell.Pollich@gmail.com,Home,termes,2,2733.34
9812c16c-df6f-49d6-b0db-adab7e92e719,2026-05-29T23:18:27.951Z,57016558,Lake Elias,Investment Account,Chelsea.Thiel80@hotmail.com,Health,dedico,6,3823.04
5e0a3ea6-69ee-4c1c-9ece-de072e85a169,2026-04-08T09:24:01.904Z,63382372,West Babylon,Checking Account,Samantha.Powlowski28@gmail.com,Beauty,vespillo,10,4193.52
b937c730-ed2c-4cd1-b49c-7335b4e184f8,2026-06-24T14:24:22.061Z,63906720,Feltonstead,Home Loan Account,Diane.Leuschke7@yahoo.com,Automotive,vehemens,8,4926.67
7014152e-2a36-4723-8465-111368d1d34d,2026-05-28T00:18:06.855Z,36281529,Andresberg,Credit Card Account,Greyson14@hotmail.com,Jewelry,urbanus,3,3321.01
54c0cecf-d450-444e-9e1e-cdb56e8bac68,2026-06-16T05:05:41.770Z,98986597,Alexberg,Credit Card Account,Mikayla.Mante81@yahoo.com,Toys,vinitor,9,2493.98
b0fc8ca7-4f15-41c6-b905-6ccfdefbec65,2026-06-05T21:51:58.837Z,81369246,East Geraldine,Home Loan Account,Lenore_McClure@gmail.com,Electronics,una,8,3122.86
30e0b172-85b6-4b1c-9580-ce30f240333b,2026-06-21T04:51:06.898Z,538191,Millerboro,Investment Account,Nicole30@gmail.com,Electronics,deripio,10,4786.58
a9ddc3d5-6033-4a9e-873e-a0b3877a4cc2,2026-06-21T01:42:05.962Z,42419435,South Reginaldton,Auto Loan Account,Kerry57@hotmail.com,Tools,soleo,10,107.31
9b073b17-ca80-4721-8a61-e7c28820c810,2026-06-11T16:15:38.811Z,17515502,Lake Sherwood,Credit Card Account,Rosario_McCullough90@hotmail.com,Games,curso,1,1845.16
e76cbae0-a7ad-4775-942d-541aad72e8c2,2026-06-19T20:07:52.322Z,75394290,Savionchester,Savings Account,Andre_Boyle5@gmail.com,Electronics,peccatus,6,1971.11
9c66c753-9dd6-4ab8-8640-83c60de17ab5,2026-04-30T14:10:52.633Z,49693465,Logan,Money Market Account,Jolie_Wintheiser80@hotmail.com,Movies,deleo,7,426.2
4e5a7d14-5df2-43ac-89cd-72cf05c75c92,2026-05-27T08:34:06.965Z,11337039,Lake Scottberg,Investment Account,Tracy.Runte@yahoo.com,Grocery,cultellus,2,2342.6
a3b16eb7-386d-4152-b833-14ebfcbcb27c,2026-05-01T05:15:27.356Z,10625337,Hauck-Herzogburgh,Checking Account,Israel.Hilpert-Gleason16@hotmail.com,Toys,quos,1,997.12
e74775af-ca56-435b-8fcc-3398bc233915,2026-06-09T22:36:26.547Z,3297005,Des Moines,Personal Loan Account,Phyllis_Schmitt34@gmail.com,Computers,statua,6,1491.13
03732beb-9c84-4e0a-a8d6-a9af4f9960d3,2026-04-10T09:11:32.440Z,23981123,East Aryanna,Checking Account,Gregg44@hotmail.com,Kids,speculum,1,4596.56
f782726a-e732-48d6-b9f0-50295793ed14,2026-05-16T02:42:40.311Z,37036436,Samuelport,Money Market Account,Grace.Abshire@yahoo.com,Toys,denique,5,1413.19
2c981cab-4eda-4cce-b9fc-856245f19428,2026-04-27T20:55:48.725Z,93758564,Cleveland,Credit Card Account,Tod.Murray@gmail.com,Shoes,degenero,2,4185.76
cb57f8bd-5860-43af-a15e-4042bd8c0759,2026-04-05T20:05:08.114Z,47589479,Trantowstead,Money Market Account,Madelyn_Hammes@gmail.com,Jewelry,termes,2,2225.62
96fa3c6e-15f4-4c24-a2f0-5249352a60ec,2026-04-23T04:57:45.391Z,50773708,Fort Rodstead,Home Loan Account,Lamont_Rutherford25@hotmail.com,Computers,demonstro,8,4695.11
2f40d035-7283-40ad-8456-5b2d49e42201,2026-04-28T15:16:23.013Z,32614157,Riverview,Personal Loan Account,Izaiah2@hotmail.com,Games,callide,7,3234.09
eac7bb85-ce20-4c4a-b921-4324756b1c19,2026-04-28T19:53:23.190Z,18857795,Binsborough,Credit Card Account,Wellington53@hotmail.com,Electronics,viscus,7,905.33
0390f4e2-0aa3-4199-bd78-b81f562419e6,2026-06-10T06:06:53.393Z,33857883,Port Nils,Credit Card Account,Eliane.Roob@hotmail.com,Kids,curriculum,8,945.22
4dd928bc-5490-4e44-b1aa-7d652b1315b9,2026-04-27T22:18:10.290Z,73063364,Kelleyburgh,Money Market Account,Danielle76@hotmail.com,Movies,argumentum,10,604.59
14527886-93f5-4f22-bd0d-f2ab5d205d7b,2026-04-03T18:07:32.478Z,18409973,East Amos,Investment Account,Hardy_Stracke@gmail.com,Games,aurum,7,4085.4
1fa17db9-b051-442b-8ccd-4e8d462bd2c4,2026-05-01T18:26:01.118Z,42337876,Garryside,Auto Loan Account,Michele40@hotmail.com,Games,soleo,10,4013.11
9b4797c2-a7bb-4dd3-ad0f-45119f579988,2026-04-22T14:45:44.644Z,16175300,Lake Eusebio,Home Loan Account,Jason9@yahoo.com,Garden,doloremque,10,3507.88
4be35a53-b5ac-45ce-a6d9-c18103a64407,2026-05-19T18:01:33.291Z,27619115,Lakinside,Checking Account,Diamond_Hilll4@gmail.com,Automotive,carus,7,230.35
0b922c9a-2682-4ada-91c9-942dd977ec71,2026-05-28T20:17:04.183Z,8706258,West Enriqueville,Personal Loan Account,Joanna_Kuvalis98@hotmail.com,Automotive,tabernus,3,4490.82
dcb76618-d613-4504-b528-181c7dbe6ef2,2026-06-26T06:50:16.796Z,99686579,Prosaccoborough,Checking Account,Dallin.Morissette@gmail.com,Movies,crux,3,1646.42
c2b151b7-7e97-4947-a4f0-05257867f23a,2026-06-29T10:01:33.264Z,64723817,Fort Shelley,Auto Loan Account,Elwin.Romaguera@yahoo.com,Industrial,ultra,5,862.45
549b98e8-a4ce-4ce3-97cb-d5df0ae4192e,2026-04-27T06:32:23.628Z,24214956,Schulistbury,Money Market Account,Leroy.Tillman@gmail.com,Electronics,dapifer,3,4940.61
8c4a7443-c734-4636-a072-949fe52df2a6,2026-04-19T03:32:33.524Z,18578336,Plantation,Credit Card Account,Julio_Hackett30@hotmail.com,Movies,peior,9,1262.6
cdf52afc-3888-438e-a796-c9f65908dd97,2026-06-15T17:50:51.688Z,90682321,McAllen,Checking Account,Duane95@hotmail.com,Grocery,summa,9,4755.4
3e59729f-e997-4914-bce2-be8961fc2d4e,2026-06-15T21:47:04.017Z,39843435,Fishershire,Personal Loan Account,Pamela_Rodriguez60@gmail.com,Garden,acervus,6,2582.23
c78b769e-0e38-45c5-b3b8-ce580a64dcbe,2026-04-05T04:12:49.628Z,19403771,Euless,Home Loan Account,Carissa.Deckow@yahoo.com,Computers,pel,9,1606.57
2e97ecdb-0eb2-45cc-a3a2-e29b39aa630e,2026-05-24T17:43:00.961Z,38020353,Trantowborough,Investment Account,Troy_Heller@yahoo.com,Clothing,clarus,6,2823.01
448b2fbf-6953-4ffc-bd90-3d67b4216e40,2026-04-18T04:18:57.067Z,68039917,Kshlerinworth,Checking Account,Randolph.Wisoky84@hotmail.com,Outdoors,derelinquo,7,4776.64
3e051d7f-9787-4c7d-b65b-9181ed7b96f8,2026-06-14T23:11:17.753Z,20494622,Ericbury,Credit Card Account,Lora70@yahoo.com,Music,apostolus,5,882.73
311f6987-42c0-41e0-90cc-8e68b88495a1,2026-05-12T16:17:35.147Z,72579061,Karlfield,Credit Card Account,Richie71@hotmail.com,Electronics,ullus,1,709.85
1a53ff8b-4a5b-423d-bb7c-acc336252477,2026-04-14T06:41:01.453Z,55592700,Keller,Home Loan Account,Coleman.Grimes@gmail.com,Outdoors,pecto,1,3243.02
df0988f4-7578-4298-963a-a114179b6b09,2026-05-11T09:47:59.197Z,72561130,Coral Springs,Investment Account,Marjorie_Dietrich@gmail.com,Games,color,7,103.1
579faf2d-6777-4537-b8c6-b0794ae86467,2026-04-21T19:20:32.854Z,48031844,Fort Michael,Money Market Account,Candido60@gmail.com,Clothing,aliquam,1,1763.24
0b23c60b-ce39-4db2-a7e2-c2c0cdb40900,2026-04-10T04:38:30.472Z,23792484,Wilhelmboro,Checking Account,Trever_Stroman-Sporer@hotmail.com,Jewelry,bibo,4,3804.91
c4b55e5d-3c31-4b31-9b02-0dc9109a5366,2026-04-27T00:24:40.509Z,3277878,North Stephaniatown,Savings Account,Marcus90@gmail.com,Industrial,suffragium,1,2516.67
78756494-c8ed-4cab-a600-55a34827763f,2026-05-28T17:09:05.262Z,77778891,Framingham,Credit Card Account,Rosie.Ritchie@hotmail.com,Industrial,verbera,10,3300.01
0298590b-4a25-49ba-a1f2-325a9bf22ba4,2026-06-10T03:55:21.231Z,30239719,West Raphael,Home Loan Account,Clark.Corwin26@gmail.com,Grocery,tunc,9,3612.7
135d63b2-8735-49e4-b68e-b3d0451ee655,2026-05-13T21:09:02.440Z,33024425,Aubreyton,Home Loan Account,Cordelia67@hotmail.com,Sports,audeo,6,4035.2
01927979-1298-40e8-b7e5-9987c88ae754,2026-04-17T12:21:22.824Z,89219581,New Oraberg,Personal Loan Account,Lottie43@yahoo.com,Beauty,tantillus,7,4047.78
3301824b-e275-4b9d-a3e0-029e4e639ea9,2026-05-06T10:56:40.313Z,47684479,Kiehntown,Checking Account,Barry45@yahoo.com,Automotive,corporis,8,3513.28
6c0e8b7b-d25c-40d2-90a6-01c2a6eeb04b,2026-06-25T01:07:04.070Z,63855736,Lake Irene,Auto Loan Account,Alma_Smitham@hotmail.com,Jewelry,cornu,3,2288.92
838d3412-bedb-4e44-9749-303c791b8af6,2026-04-29T08:26:22.558Z,32214915,Port Staceystad,Money Market Account,Ricky.Stehr4@yahoo.com,Kids,sed,2,1876.97
640452fa-3cef-40ec-822c-74ae332418ca,2026-05-13T15:49:14.850Z,70624979,Port Earnest,Personal Loan Account,Earnestine95@gmail.com,Electronics,cibus,2,4497.29
01d66f13-53c0-42f8-8430-84e6516e1260,2026-04-04T04:00:13.384Z,66354160,Fort Dianna,Checking Account,Katelynn.Predovic@gmail.com,Grocery,atqui,5,3899
9a1c4625-9714-4ee5-bea4-15300cb1dce3,2026-04-18T08:09:17.562Z,45247191,Port Sophiatown,Personal Loan Account,Bonnie.Mills50@yahoo.com,Health,molestiae,5,1026.61
c8bf5574-dfc6-4add-a27c-c6f1dd1f8894,2026-06-01T21:32:30.109Z,76904349,South Samson,Money Market Account,Ryan24@yahoo.com,Outdoors,pauper,8,1093.3
23955cf2-1a8a-4052-b992-4d7266195528,2026-04-07T17:24:27.483Z,76770448,Fall River,Savings Account,Gussie.McGlynn15@yahoo.com,Baby,omnis,2,4867.36
37299e8d-14e7-47bd-8417-44ddfde1c7cd,2026-05-23T10:01:23.559Z,31481744,Potomac,Savings Account,Bryant45@yahoo.com,Grocery,tenuis,9,265.22
200fe66b-f0e5-4e1a-8b70-1567c342c353,2026-06-14T16:04:12.215Z,68180539,Glendale,Investment Account,Paula_Beatty62@yahoo.com,Outdoors,accusantium,7,4059.85
da1e5cdd-e5b0-4723-bb98-06f1dfeb60bb,2026-05-13T05:36:01.717Z,37306505,Port Stevenville,Investment Account,Julia.Jaskolski30@yahoo.com,Sports,turba,6,1607.79
e90d9e95-59ad-4cd7-9979-fd2fcc372f78,2026-04-07T12:40:12.435Z,41909951,Sengerside,Auto Loan Account,Tiffany.Abernathy@yahoo.com,Books,deleo,9,2205.01
de22cfc8-e48a-4526-b911-401b8b2b0f79,2026-05-13T18:19:42.877Z,71789041,Lake Hillaryfurt,Checking Account,Mildred95@yahoo.com,Baby,arca,9,2037.66
1a9125c6-b41c-4534-9dcb-ed66af3668cf,2026-06-02T18:00:44.411Z,62737787,Jaskolskiworth,Personal Loan Account,Xander44@yahoo.com,Electronics,arceo,1,1148.5
f74cd1b0-8bef-4c2b-8f2e-d1b12c0979d7,2026-04-24T03:52:51.163Z,26602329,Baldwin Park,Investment Account,Stanley_Bechtelar47@yahoo.com,Automotive,arma,8,845.81
790f2431-9529-4fb0-a51f-9013932761ec,2026-05-12T11:14:13.967Z,12500837,Dulceborough,Investment Account,Miriam66@hotmail.com,Electronics,tondeo,1,1466.44
6a6c131a-a16d-47aa-856b-d149f8601f9c,2026-05-24T06:37:48.534Z,89489124,Nyasiaport,Home Loan Account,Billy37@yahoo.com,Outdoors,via,6,2243.14
578fd54c-91dc-4c01-a207-8d74aa6dfb2b,2026-06-27T21:52:39.577Z,63074834,Roobport,Credit Card Account,Barrett71@gmail.com,Jewelry,solum,7,3370
e5435162-0d3b-4492-92ea-73df16696be6,2026-06-08T13:11:51.772Z,21401819,New Eugene,Home Loan Account,Lacy.Bernhard36@gmail.com,Music,catena,4,328.27
0e51c90e-1d28-4acf-83ce-4edb0a1d583e,2026-04-12T17:41:12.749Z,49072109,Chico,Savings Account,Isabell12@hotmail.com,Home,quam,9,822
30a3d816-213f-4f25-95bb-e62730f8f966,2026-06-17T06:14:56.058Z,68987871,Kertzmannfield,Money Market Account,Jessyca80@yahoo.com,Computers,carbo,8,2045.46
55015a3f-21a4-4bf1-8536-a4cb13386171,2026-05-11T06:27:58.370Z,18800490,Glenview,Home Loan Account,Bradley.OKon41@yahoo.com,Music,aureus,10,942.1
1668e5f1-4e66-41cb-8b73-c3ff19ee9441,2026-04-09T14:22:44.110Z,13683735,North Opheliaville,Credit Card Account,Adrian.Strosin95@hotmail.com,Movies,amoveo,4,2887.07
1b75638a-464f-4fb9-9861-e575bb805e72,2026-05-09T21:57:20.697Z,67177033,Lake Enochboro,Investment Account,Olga_Murphy75@gmail.com,Garden,quia,2,1437.97
396426db-f5b8-4f21-8718-826c70c588af,2026-04-17T01:30:01.806Z,59282802,New Priceborough,Savings Account,Miranda.Boyer@hotmail.com,Beauty,comitatus,4,613.56
7b883e55-3019-4a99-a180-7375e51148ee,2026-04-29T00:09:04.311Z,28022148,North Antoniastead,Money Market Account,Abdul_Thiel81@yahoo.com,Baby,ullus,1,3277.16
63cb5c72-c49c-48a1-9c61-b958e199c1ca,2026-06-28T02:50:39.984Z,71649028,East Anne,Money Market Account,Dianne.Barrows@hotmail.com,Home,substantia,3,1965.79
c1aa474f-6398-487d-96b6-b3b39efd8078,2026-06-21T00:37:12.102Z,5157043,Elizabethbury,Home Loan Account,Flora_Stoltenberg@yahoo.com,Games,arcesso,5,4152.23
2287409e-6c7b-418c-bdd6-0ebee4c296b9,2026-05-16T18:38:54.264Z,34598356,Angelaworth,Savings Account,Jimmie.Wyman-Terry98@gmail.com,Garden,numquam,3,183.5
7e4342ab-9ddc-4f0a-93e9-8265f154c756,2026-04-20T00:05:25.601Z,9706403,Paterson,Investment Account,Joyce33@gmail.com,Music,eaque,1,1234.43
e98b79d7-796d-4b1c-936e-40639be8c902,2026-05-16T21:23:48.863Z,20817148,Boyercester,Savings Account,Patrick.Roob@yahoo.com,Movies,autus,6,3055.7
4d850445-0bdf-4d05-8c6a-418069562818,2026-05-28T11:16:59.843Z,33788622,Middletown,Checking Account,Ramona0@hotmail.com,Grocery,artificiose,2,2741.65
b56d719d-0694-4d2c-9f72-6381993d4d83,2026-05-21T20:46:11.264Z,50752047,New Antonetta,Money Market Account,Kimberly_McGlynn71@yahoo.com,Baby,delinquo,6,358.41
7c0ea156-7eb1-4580-8730-229ff72505a5,2026-04-11T03:20:16.449Z,43196328,Lake Jefferycester,Investment Account,Hassan.Cummerata@yahoo.com,Music,tunc,9,1611.11
f1cb0ca9-f9c7-4225-892b-446c685ce5f4,2026-04-24T09:42:30.368Z,65141877,Patsyland,Savings Account,Bernard93@gmail.com,Computers,subseco,10,2797.84
ba293db5-5117-406f-930a-2bbb90e492d0,2026-04-07T17:57:27.621Z,15942005,West Aubrey,Money Market Account,Chris.Crist33@hotmail.com,Outdoors,tyrannus,9,3307.71
9d66141c-3b89-4aa0-a93c-ac97a0d7de10,2026-04-27T10:30:10.093Z,99778582,Fort Salliecester,Savings Account,Inez.Zieme39@gmail.com,Games,tenax,5,1478.92
0b4f03b3-4bac-448c-887f-e34215e2a90b,2026-06-17T01:48:37.023Z,85723817,Alanisstad,Home Loan Account,Verlie.Reinger@hotmail.com,Clothing,deserunt,1,189.12
015ed049-15b8-4fde-aa9e-cfe66efa25af,2026-05-10T03:50:39.903Z,66801197,Jupiter,Personal Loan Account,Lena_Hane@hotmail.com,Books,amaritudo,3,2435.06
90ec8d43-42d7-4f17-b071-71d257e64d96,2026-04-26T14:31:12.891Z,84104262,Guymouth,Investment Account,Reagan_Mitchell@yahoo.com,Jewelry,claro,4,3123.81
97c3a3bf-74cb-4502-9331-3dde4165abd4,2026-06-14T05:52:25.844Z,12302922,South Jim,Credit Card Account,Clyde_Welch82@gmail.com,Industrial,delinquo,4,3173.77
fe4dd3d1-46fa-49f8-a5f5-128b2e2c1f48,2026-06-01T20:08:19.919Z,49521627,North Alfredstead,Auto Loan Account,Charlie36@gmail.com,Jewelry,adicio,3,178.38
54968636-f8aa-4c41-b422-9b1c16728d80,2026-05-23T06:02:02.971Z,761028,East Mauriciomouth,Investment Account,Emilio6@hotmail.com,Automotive,bellicus,2,4719.25
083b3923-7fdb-48bd-9a2b-9ab667b37ca2,2026-04-18T07:05:46.253Z,80693866,Edchester,Savings Account,James.Reilly@yahoo.com,Computers,constans,2,815.01
76c8a506-2b7a-4aa6-a97b-a338dbbb5dfc,2026-05-14T06:55:12.248Z,99548194,Xzavierland,Home Loan Account,Edmond_Stokes@hotmail.com,Clothing,aliquid,9,609.3
2515b6ac-8f29-479e-8320-2e5535bfbbfa,2026-06-21T06:44:28.138Z,1148364,Country Club,Investment Account,Olive.Stamm40@hotmail.com,Music,allatus,2,4194.73
c6233536-479e-45c9-adba-a1da302c5bd3,2026-06-11T03:19:25.156Z,29325516,Fort Sheritown,Investment Account,Harvey.Daniel32@hotmail.com,Clothing,valetudo,6,394.66
8bef0e4e-2642-4c83-b78b-8f92da2e7da7,2026-04-09T01:44:38.735Z,84965395,Boscobury,Personal Loan Account,Ashly.Kihn@yahoo.com,Movies,cotidie,4,3307.79
e1e16410-1283-4a8e-a03e-7b797bb03b66,2026-04-25T14:01:37.825Z,88178565,Lake Gregoryworth,Checking Account,Darrin_Carroll@yahoo.com,Tools,tibi,4,3787.93
fa6b5262-3a48-4a00-a22f-f593e8c2a4ae,2026-05-29T19:26:09.717Z,74674260,Lerastead,Investment Account,Elaine.Marks@gmail.com,Jewelry,armarium,4,3505.67
7c5eff0d-04aa-4d38-87d4-dd02e4c4e917,2026-04-22T02:17:51.506Z,30561642,Fort Devante,Auto Loan Account,Andres60@yahoo.com,Home,ait,7,156.66
b9f0a80f-bf71-4b74-aebe-f2db5a2a2508,2026-06-14T18:35:32.534Z,77265607,Longmont,Home Loan Account,Kayden85@yahoo.com,Books,delibero,6,960.65
ca82888d-32f0-4051-ba52-2d2634ace63d,2026-04-11T10:40:47.075Z,40806567,Santosside,Savings Account,Trudie.Herzog1@hotmail.com,Shoes,sufficio,3,345.7
5ae08c1a-dc5c-4f6d-8f62-61d29334e4c9,2026-04-04T03:52:29.005Z,176468,Rolfsonside,Credit Card Account,Anahi.Torphy@gmail.com,Garden,unde,9,4552.36
ad2b46a6-be23-487a-a683-3d814ccc554f,2026-06-05T07:41:13.983Z,20378487,Hoegerworth,Savings Account,Hailie_Howell@yahoo.com,Electronics,ascit,6,4300.85
b43a099b-f192-4186-ad43-c32a17d4759d,2026-04-09T06:34:09.368Z,16110538,Elzaside,Auto Loan Account,Augustus98@yahoo.com,Automotive,velit,6,2724.63
9ab29568-46ae-4f5f-beee-6b33fbe2db74,2026-05-06T04:30:26.741Z,58914670,Perris,Investment Account,Maria_Emmerich@yahoo.com,Health,supplanto,4,2927.17
7d9e1857-5e02-4450-b8ba-f3cfd14c930e,2026-04-25T12:33:28.995Z,42067880,West Rudolph,Money Market Account,Zoie42@yahoo.com,Toys,sollers,6,1231.85
1edf6650-2bb5-4b69-a2db-906b3a32e8d7,2026-06-13T08:18:31.704Z,77051132,Kaylieborough,Investment Account,Josephine31@gmail.com,Home,catena,1,1754.7
4344c830-ff47-4e89-8a0d-9effd7147f46,2026-06-01T11:41:13.880Z,80400067,Elmhurst,Checking Account,Gaston.Hahn98@gmail.com,Jewelry,spoliatio,4,4334.65
dfbac9de-519f-43af-9ef8-7708f65ebbea,2026-06-11T12:13:23.292Z,31330753,Mabelbury,Savings Account,Adonis.Hilpert@gmail.com,Movies,depono,3,2475.52
eecb706d-947e-49ff-8546-bd877b0e5e59,2026-06-27T16:08:30.522Z,26760807,Stillwater,Savings Account,Anne_Simonis@yahoo.com,Kids,ducimus,1,3082.43
c6c4f348-9a79-457f-98b6-a6e7ab597bbb,2026-06-18T06:52:25.093Z,79498229,West Robbiestead,Money Market Account,Lester_Wunsch17@gmail.com,Jewelry,omnis,9,2665.03
bf312976-47a1-47ed-ac9c-09a52aa1f0ce,2026-06-16T23:24:13.753Z,29616353,New Jessikaside,Investment Account,King.Auer@hotmail.com,Shoes,abeo,4,1653.42
665a8115-694b-43f3-98ee-22f37fbab691,2026-06-20T14:52:21.981Z,56687260,Bessiebury,Home Loan Account,Lorenzo.Mosciski66@yahoo.com,Electronics,voluptatem,9,3454.17
bb2468dc-5256-4b8c-af56-eb01821600fe,2026-06-11T02:24:02.733Z,66539024,Reilly-Schadenland,Personal Loan Account,Lucious_Ratke36@gmail.com,Beauty,confido,5,2474.95
f6d63ac4-613f-42af-b28b-0c8e7c0c2856,2026-06-16T02:34:01.168Z,37774116,Fort Kieran,Personal Loan Account,Veronica_Crist96@gmail.com,Home,aureus,4,2887.82
92884829-4081-40eb-9761-ceb4ec10e109,2026-05-17T11:25:14.950Z,88117242,Port Lucianocester,Savings Account,Rodney86@gmail.com,Health,inflammatio,3,3754.93
42916fce-a3ac-4ba4-a23a-f936b214bce3,2026-06-10T11:10:39.686Z,17379905,North Tasha,Home Loan Account,Edmund99@hotmail.com,Toys,valeo,8,423.87
c714afe6-bf2a-4c22-92cf-49bd93e00edc,2026-04-26T03:03:01.553Z,52593856,Kunzeville,Checking Account,Lucas_Botsford39@gmail.com,Beauty,videlicet,3,4528.8
36e91c3d-ca8e-437c-a1f3-cd07be18c208,2026-04-12T13:53:04.436Z,21645978,Waltham,Auto Loan Account,Kristina_Tromp57@gmail.com,Industrial,creo,3,2976.99
a066803e-827a-44e7-b9e2-5d23d6f769d0,2026-05-13T14:35:09.884Z,52257650,Bahringerside,Personal Loan Account,Nicholas.Bogan92@gmail.com,Tools,comprehendo,9,4871.42
4d3dbbf2-cffa-4e50-ba41-0afe2d378c49,2026-04-13T20:49:38.411Z,74964392,Simonton,Checking Account,Gerry78@yahoo.com,Garden,deserunt,4,1481.29
33bb4aed-1392-4f25-bbdb-f4fffc33cec4,2026-06-08T02:27:32.334Z,16177774,Oberbrunnerstad,Credit Card Account,Homer44@gmail.com,Shoes,succedo,2,2730.38
817da0c2-d747-4247-950f-1141334db616,2026-06-24T14:30:00.824Z,35301617,Jimbury,Personal Loan Account,Consuelo88@gmail.com,Industrial,crudelis,10,1595
49e15135-f3b6-4f98-a335-fba30bff71a0,2026-06-11T19:47:59.440Z,87233748,Fort Zora,Investment Account,Ardella.Harber@hotmail.com,Industrial,taceo,5,1168.14
ed6e3a29-0a14-427c-aff4-dd453e2a4a20,2026-04-24T14:09:26.822Z,33423783,South Johnathon,Auto Loan Account,Tanya32@yahoo.com,Kids,concedo,2,3880.65
6c364fd8-c66b-4e64-9266-5df16a6dea3e,2026-04-05T08:11:28.363Z,65444122,West Megan,Investment Account,Alberta_Beer76@gmail.com,Beauty,supra,3,3902.4
41188323-473d-41a8-8d3c-4ebe301c5cf6,2026-06-03T01:08:05.523Z,39973376,St. Louis Park,Home Loan Account,Heidi_Kunde16@yahoo.com,Beauty,vulticulus,1,171.95
5415a4a0-de19-4b80-9f3c-f98ab6afa3dd,2026-06-10T19:39:31.600Z,11173721,Wendellchester,Personal Loan Account,Ruthie_Sanford@yahoo.com,Outdoors,cui,9,3828.46
e4b4e963-2753-4fb2-84c7-a1e44b34eedb,2026-04-30T14:51:48.484Z,15337008,Jarredtown,Credit Card Account,Valerie_Lubowitz49@gmail.com,Kids,pecco,9,3455.29
d10425f6-32ea-49b3-bfbd-79934126df95,2026-06-13T08:30:14.086Z,65712018,West Johnathan,Auto Loan Account,Everett42@yahoo.com,Sports,atavus,4,853.21
1245856c-3b50-4ded-8c66-1dfcace1e20e,2026-06-20T22:41:05.695Z,29217720,New Sabina,Money Market Account,Palma74@hotmail.com,Automotive,cumque,9,3267.39
4c7ffb68-9cbb-4531-8deb-f96eda6ea910,2026-05-04T07:16:48.203Z,49944342,North Gina,Investment Account,Jenny21@hotmail.com,Computers,eveniet,8,631.87
a30e9bc2-974e-4271-a554-da21227a423e,2026-04-07T18:05:52.300Z,5262836,South Mercedes,Auto Loan Account,Alejandra_Lynch@hotmail.com,Toys,sint,7,3795.5
39c9dfba-d2f2-4f4e-ab02-b940cf2053ff,2026-06-06T10:59:12.911Z,21387728,Jedidiahworth,Personal Loan Account,Ellis16@gmail.com,Beauty,sono,2,1441.47
f054c258-5fd7-4026-81e4-355e37129950,2026-04-25T19:48:58.656Z,73782862,Hamilton,Money Market Account,Levi83@yahoo.com,Automotive,possimus,7,3599.46
28876e08-710f-42f2-a8ab-38af0633b7b0,2026-06-05T23:14:50.251Z,37725970,North Yasmeenview,Auto Loan Account,Dora_Hilpert@yahoo.com,Jewelry,tepidus,4,402.62
34a42d4d-d732-4a35-b28b-19221978fb1c,2026-04-20T23:11:59.401Z,79826234,Allentown,Money Market Account,Annamarie_Harber@gmail.com,Toys,aliquam,5,4369.29
da882615-794c-416e-a61f-de38eb619914,2026-06-06T11:55:42.435Z,89554703,Kennithtown,Money Market Account,Citlalli_Bechtelar4@hotmail.com,Kids,cibo,3,4642.11
5ec25f04-fd61-45d9-b6e7-50a78a54ae81,2026-04-30T00:06:26.318Z,72988812,Botsford-Torphyfurt,Auto Loan Account,Allison_Goyette45@yahoo.com,Shoes,talus,3,601.85
70b1eccb-f582-42c5-96e5-7ef78b5803c0,2026-05-28T01:05:36.364Z,83387637,North Clinton,Investment Account,Tyler.Walker68@hotmail.com,Industrial,vae,10,406.56
d573ba4f-dcfe-4e2c-84d0-8a00282ea705,2026-05-06T09:11:31.654Z,30022310,West Glennshire,Personal Loan Account,Alana.Howe32@gmail.com,Shoes,patior,3,4081.38
0c9d2600-870e-4470-815b-bd5dae9f1e36,2026-04-10T19:56:39.561Z,51625813,Fritschchester,Personal Loan Account,Adolfo69@yahoo.com,Clothing,aliquam,1,2337.26
a4f073f3-8e70-4b5c-82d7-7a2b21ddf8eb,2026-06-07T10:54:30.486Z,91326593,New Claire,Checking Account,Cassandra49@gmail.com,Tools,colligo,1,435.51
9e822f27-5f88-4428-b576-a9c57a073897,2026-04-22T05:30:58.569Z,24025000,Leoracester,Savings Account,Lurline_Osinski36@yahoo.com,Computers,peior,7,4059.68
15492ee5-e910-4008-99c6-22de83e21f7d,2026-04-13T01:52:59.322Z,39971382,Lakinberg,Investment Account,Destini_Bashirian@hotmail.com,Garden,territo,3,1273.13
e43a7359-b3a4-45e8-81fa-47bf4d7bf820,2026-05-12T04:39:37.986Z,26165441,West New York,Investment Account,Aubrey.Reilly60@gmail.com,Industrial,admiratio,2,2202.03
3694f132-aed3-4716-9774-07a242c7637b,2026-05-23T06:43:47.223Z,23364067,Brekkefort,Personal Loan Account,Juliet_Corwin46@hotmail.com,Health,accusator,7,118.35
654c6c4e-b8b0-4299-a0c3-82479e3bc544,2026-06-18T13:53:29.662Z,73842206,Brownburgh,Savings Account,Kelly62@yahoo.com,Electronics,arbor,8,1960.91
6efab6eb-2daa-4609-878e-ff77b228e686,2026-04-17T13:42:01.880Z,93323666,Brycenchester,Home Loan Account,Eula.Steuber@hotmail.com,Jewelry,molestiae,2,3274.3
c829d80a-a9f4-4e6f-9bae-a3094bf9c539,2026-06-22T04:18:04.443Z,62594935,Darianville,Checking Account,Dayton.Larson-Hickle9@gmail.com,Health,cognatus,5,935.31
f7a4955a-3560-4388-801b-e0098fec8781,2026-06-10T08:16:58.378Z,12838357,Margieland,Savings Account,Sidney13@gmail.com,Music,sub,10,2325.57
506abf2f-ba0a-4a94-b5ee-38120aca9129,2026-04-28T13:14:37.299Z,20020670,West Pinkstad,Investment Account,Lavern.Keeling@hotmail.com,Grocery,arbustum,6,2261.89
71d5d593-081e-4e8d-bc33-3ea3c1b3f081,2026-06-21T12:34:57.853Z,3048729,East Florianworth,Home Loan Account,Wm_Kunde@yahoo.com,Sports,quis,1,4747.65
f64e1875-a102-4bff-aec1-8226ef4b9ae6,2026-04-21T14:32:58.241Z,4038131,Colleenstad,Personal Loan Account,Mitchell_Kunde@gmail.com,Home,admitto,5,55.4
45d4cb71-15d3-4ad9-adba-f8718819639a,2026-06-07T21:09:06.534Z,66468879,New Dahliachester,Investment Account,Helga_McKenzie@gmail.com,Automotive,statim,4,1563.49
5ad87c8a-98ee-471c-a20f-8d644196679a,2026-05-18T13:28:10.561Z,73330716,Batzhaven,Money Market Account,Nia84@gmail.com,Jewelry,vicinus,7,1374.91
1b2784a4-b62c-4ba0-922f-21ee0dc4ecda,2026-04-07T01:35:01.784Z,91521286,North Lillieboro,Money Market Account,Kelvin_Bode@yahoo.com,Movies,tamquam,6,2337.49
39a456fe-5eb7-4bc7-9b1c-9fe9a299dfc3,2026-04-16T08:47:03.012Z,43794484,New Brent,Savings Account,Colin.Gerhold80@hotmail.com,Industrial,aetas,7,232.51
d80d5653-0617-4fc6-b021-45471260b07a,2026-05-25T22:47:03.941Z,99923423,Crooksport,Money Market Account,Alison62@hotmail.com,Clothing,uxor,9,4710.65
3274dde9-2395-4e91-9146-b6905e785b20,2026-05-09T18:58:54.981Z,34502502,New Tamaraside,Auto Loan Account,Heath3@gmail.com,Music,cupiditas,4,4063.24
3441d662-a3f9-4af9-b607-ee512eba38b4,2026-04-17T18:50:56.528Z,43954519,Kellenside,Credit Card Account,Donald_Gutkowski16@gmail.com,Automotive,valde,7,453.64
ae624a4f-56f9-4c4a-9740-3ee247d3e8ac,2026-05-22T18:18:56.630Z,79691471,New Orenland,Auto Loan Account,Chris.Will@yahoo.com,Jewelry,voluptatum,5,2844.92
efba2640-435a-418e-84e1-94d1259e963d,2026-07-01T23:56:40.761Z,54495944,South Dereck,Auto Loan Account,Maverick.Tromp@hotmail.com,Grocery,admoneo,8,265.72
2d51b7f7-1a08-4ea9-af4a-163064975f3e,2026-05-06T19:53:35.149Z,54391325,Stoltenbergboro,Home Loan Account,Stuart_Ryan67@hotmail.com,Jewelry,recusandae,1,3821.44
3a5cfffb-8b51-44fb-9a05-101426c83d24,2026-04-11T12:38:52.763Z,48383824,Port Emelyberg,Home Loan Account,Mandy.Weissnat60@yahoo.com,Jewelry,vesper,5,292.47
83b9c1b3-926c-4429-a39c-7dc3dba1a798,2026-06-13T08:10:56.655Z,59744730,West Clintonfield,Credit Card Account,Ryan73@hotmail.com,Books,magni,2,1567.25
ea4b2c42-7389-4d72-ab25-dc4247713004,2026-04-08T03:48:22.482Z,62289167,Victorville,Home Loan Account,Glenn.Von@hotmail.com,Baby,speciosus,2,2024.39
d5cb3ec3-515f-4067-b3b4-3ec6b0ce7873,2026-06-01T19:51:43.005Z,81048244,Wendyton,Investment Account,Mason.Powlowski51@gmail.com,Baby,infit,8,820.15
b81cb2a6-821f-4a94-aef8-10488d34f9f6,2026-06-04T16:04:22.300Z,54589308,Yakima,Investment Account,Jill_Nienow24@hotmail.com,Garden,laudantium,2,1908.68
78104dd3-8a80-4709-bf00-999535532472,2026-06-02T16:50:28.487Z,75984134,Mayfield,Credit Card Account,Maxwell_Will29@yahoo.com,Sports,dignissimos,1,2250
16556476-ca75-4e6b-84c5-3e7ef44ce424,2026-04-27T08:52:39.458Z,35543210,Port Chanelleburgh,Money Market Account,Marguerite_Roob12@yahoo.com,Music,annus,10,1736.55
f2747a3f-cd27-43cd-9ecc-9f7230de1bad,2026-05-10T19:11:12.561Z,50446545,New Maryjane,Home Loan Account,Orlando16@hotmail.com,Baby,solvo,2,3836.73
9fec9392-0cbd-4bab-903c-8ae9a6d2e11f,2026-06-17T12:50:49.953Z,88644377,Keenanshire,Auto Loan Account,Llewellyn.Greenfelder-Jenkins64@yahoo.com,Movies,thymbra,6,3431.06
a7f658c1-c689-4e1e-9a02-3cf22bf2889d,2026-04-05T11:52:34.815Z,30534793,North Dwaynemouth,Money Market Account,Hugh_Parisian28@yahoo.com,Health,vere,1,4035.72
8a2af039-2ee7-44ff-bb8b-93c4fd84814a,2026-04-19T16:24:43.702Z,1663140,Flower Mound,Personal Loan Account,Daniel_Cassin41@gmail.com,Health,cribro,3,2746.82
600ea61d-6b0d-4a1e-abce-09ee4991b223,2026-04-12T07:04:49.426Z,42424354,North Daryltown,Credit Card Account,Jared11@yahoo.com,Garden,cilicium,5,3028.57
9fcde1c0-0096-4aeb-b817-20c1f2f69da1,2026-06-14T11:07:09.871Z,55031389,Blandaberg,Money Market Account,Sherri54@gmail.com,Music,articulus,6,1443.67
b3d14189-3c2d-468f-b73e-3ccbcb6fae37,2026-05-23T16:29:44.236Z,88990255,Brendanstad,Checking Account,Reilly71@yahoo.com,Shoes,cunae,8,1573.03
30c58199-60cc-4edd-b94a-d6aed263b34d,2026-05-06T09:56:51.432Z,12654,Lake Ramiroton,Personal Loan Account,Samantha.Boyle@hotmail.com,Sports,victus,7,4452.91
e73b54f7-8d3e-4589-a450-8e88e5e3740a,2026-06-30T03:41:59.741Z,59916625,North Giovanny,Personal Loan Account,Sherman42@yahoo.com,Computers,aspicio,6,4127.42
36362067-e107-432a-8ba4-697525b090d9,2026-05-06T13:50:03.436Z,83615839,South Isabelchester,Savings Account,Marianne.Trantow52@gmail.com,Outdoors,audentia,1,4092.58
b237a605-3b52-452a-b5fd-1fe611bb6aab,2026-04-23T00:14:43.368Z,50166728,South San Francisco,Money Market Account,Jennings_Thiel91@gmail.com,Tools,supplanto,3,952.13
58105645-69c3-491e-8b17-42ca4392395a,2026-05-08T09:25:42.714Z,76844094,North Bobbyfurt,Money Market Account,Mamie_Ferry@hotmail.com,Books,quaerat,5,3377.65
b695cb98-ed14-40f0-b3b8-7069a66baf22,2026-04-06T20:40:23.562Z,33177384,Nikolausborough,Personal Loan Account,Alicia.Wuckert@hotmail.com,Music,delinquo,3,1889.49
5dea5366-9db3-48ad-9c6c-3329f3206fc9,2026-05-11T10:19:16.309Z,1115915,South Harryville,Checking Account,Hardy_Schinner40@gmail.com,Health,vestrum,5,2638.19
5d55af70-ad8d-432c-b247-32baf29cf948,2026-06-01T19:12:42.602Z,11904469,Fort Deanhaven,Investment Account,Antonio.Ankunding@hotmail.com,Home,vinum,3,3134.1
fbd92d9b-6a84-4f1e-b444-5ad886b94377,2026-04-12T15:32:44.874Z,75933459,Gutmannboro,Personal Loan Account,Sara_Medhurst@yahoo.com,Games,hic,8,1021.9
37ddad3d-a640-4883-91f4-977cbab243cf,2026-06-24T01:00:58.956Z,19159870,Willmsstead,Investment Account,Bernie_Daugherty8@gmail.com,Home,taedium,5,4603.83
6826c792-76c3-4546-bb8a-be346418dbc9,2026-05-03T20:01:12.751Z,40722648,Sandy Springs,Home Loan Account,Reece_Hirthe98@gmail.com,Clothing,delectus,4,1457.73
d8ff01ea-d4d5-4c25-8bdf-6cd8fd838ee9,2026-07-01T14:30:47.144Z,22517819,North Felipe,Investment Account,Traci.Erdman@yahoo.com,Electronics,contabesco,2,1087.43
b674cc06-7ebc-4ded-b788-dd5281e7bf83,2026-05-20T23:18:44.328Z,31843937,Marquardthaven,Home Loan Account,Rosie.Langworth27@hotmail.com,Shoes,voluptate,6,1943.99
f5c98c20-e10b-4ed9-8b2a-dc727be108ec,2026-05-13T12:51:39.990Z,21045512,Santa Cruz,Credit Card Account,Rodolfo_Cummerata50@hotmail.com,Health,aspicio,6,2244.82
44005ba3-9086-472f-b9ee-b0e7bc117329,2026-04-13T11:06:13.924Z,67315354,Lake Lorifurt,Home Loan Account,Pablo_Hessel65@gmail.com,Movies,quaerat,2,2863.92
5c1cbffa-bd3f-4bed-bf1b-c1d208162f13,2026-05-03T09:33:52.106Z,54786897,Lylefield,Auto Loan Account,Elmore.Hintz@gmail.com,Health,advenio,5,3119.12
f4dc33d4-dc14-4098-805b-312c89f8ae66,2026-05-23T22:33:23.876Z,70830541,South Bessiehaven,Savings Account,Elody50@hotmail.com,Outdoors,appello,2,1582.68
0fc8ef3a-d651-4d79-81e1-15272d1327bd,2026-05-03T10:48:30.222Z,69465733,Lake Beaulah,Money Market Account,Aaron94@yahoo.com,Clothing,cunabula,2,4131.84
cc659512-3c83-407d-b018-b3acb1542882,2026-04-12T00:17:22.114Z,79486883,Ellicott City,Money Market Account,Nat.Douglas91@gmail.com,Baby,pel,7,629.88
3534dbcd-073d-44d2-9c40-9057451fe279,2026-05-21T18:30:31.239Z,29440531,Pico Rivera,Auto Loan Account,Jenny.Wiza@hotmail.com,Grocery,stultus,3,4526.99
fd11407c-4fdf-4627-9374-5ccb4d594075,2026-05-21T06:39:14.826Z,31660927,Rennerfield,Investment Account,Emma_Klein20@hotmail.com,Home,reiciendis,1,2871.85
370cad38-2e3c-432b-88f7-d56af3d0c239,2026-05-07T11:44:06.056Z,33734711,Lake Davebury,Money Market Account,Hector46@hotmail.com,Toys,comptus,3,2142.75
0d3881e4-c0ed-4fa1-ae47-90f3f600fc6d,2026-06-14T04:44:26.214Z,37291285,Goyetteview,Personal Loan Account,Katie61@yahoo.com,Music,ulterius,1,2527.31
12f349ec-febb-439a-85fc-e410b631b772,2026-04-20T18:04:54.945Z,19075022,Aliyaton,Home Loan Account,Michelle.Osinski67@yahoo.com,Sports,cui,2,2678.12
89519861-308b-4f31-88c3-a4cd387204ca,2026-04-21T15:08:01.718Z,18045657,North Lululand,Money Market Account,Alexandria95@yahoo.com,Automotive,comitatus,10,4658.33
6d79e2b9-7d94-4d32-9ea7-ad9b22c8d818,2026-05-03T22:16:24.380Z,20505612,West Chloe,Credit Card Account,Nicolas49@yahoo.com,Computers,maxime,4,298.35
84d9efc7-4705-4771-9c0a-884264daf42b,2026-07-01T19:08:10.332Z,46837325,Lee's Summit,Savings Account,Jacquelyn30@hotmail.com,Jewelry,dedecor,9,544.83
186d8e88-3f6a-416c-a777-0a620900b5f4,2026-06-07T13:53:01.566Z,18937765,Rolfsonhaven,Credit Card Account,Vernice.Osinski@gmail.com,Garden,ipsa,8,131.9
bae1803c-7e62-4d53-8cdf-5708a830351d,2026-04-05T18:41:58.686Z,24340609,Spinkaport,Money Market Account,Karla86@yahoo.com,Jewelry,tepesco,7,646.09
00d0ab6d-c138-4d18-a563-dea3dad12dfa,2026-04-24T06:35:41.056Z,4022715,McKenzieburgh,Credit Card Account,Jocelyn.Lubowitz@hotmail.com,Home,vix,2,4387.67
b3eac512-11d4-4d3f-8bea-33246cbc4b1f,2026-04-19T04:07:13.005Z,72330267,Nicofield,Checking Account,Richie59@gmail.com,Beauty,solio,2,2929.25
5eb72ad9-800c-4919-9cda-8c8e07694a9e,2026-06-13T15:07:04.119Z,20534858,Lake Sebastianmouth,Home Loan Account,Selmer_Spinka@gmail.com,Health,unus,2,4498.62
21788422-8a2c-4be2-b6fd-78bdf4daf9f3,2026-05-10T08:10:48.883Z,90166928,Hodkiewiczfurt,Money Market Account,Janessa14@gmail.com,Baby,vereor,4,3471.32
803a56cc-0fb7-4a8e-bc08-19b86fb885f7,2026-05-08T01:35:26.315Z,40997004,Jodimouth,Credit Card Account,Kelvin65@hotmail.com,Tools,cetera,9,4709.43
e2c03667-06d7-45e4-8c81-537318907844,2026-06-17T15:36:38.843Z,15093707,Garthfort,Home Loan Account,Lyla_Weimann82@gmail.com,Kids,totus,3,1384.37
ab72415b-1584-48d2-913f-a0b3f5ae53ee,2026-05-17T05:27:18.446Z,98638731,National City,Home Loan Account,Santiago.Mertz@yahoo.com,Toys,clam,3,2506.01
f60647f5-1d56-49ac-9038-d5c8c9018ec7,2026-04-12T04:54:36.929Z,32783693,Wyoming,Credit Card Account,Brandy_Fisher34@hotmail.com,Movies,caput,9,3643.62
19e90c32-59e7-4788-9e38-dfa1240ea7be,2026-06-30T23:07:15.214Z,31432322,Goyettecester,Checking Account,Karli_Runte@hotmail.com,Computers,terebro,9,2648.54
e6eed04d-177f-47cb-ae7a-1a92d651d038,2026-06-22T07:08:28.778Z,94108759,Pamburgh,Auto Loan Account,Lois79@yahoo.com,Games,ea,3,2759.03
925fe439-1477-4233-b9aa-dd2f0dab2d10,2026-06-17T08:24:44.896Z,87331536,South Fredville,Checking Account,Kadin_Hoeger-Reinger@gmail.com,Baby,arca,1,536
ca8183e0-b5b4-4f03-9ef8-3aab673be389,2026-05-18T20:03:13.742Z,9893862,Michealtown,Money Market Account,Joel.Hilpert29@hotmail.com,Clothing,corpus,3,2019.18
ed066468-78c7-432a-8f42-0de555ccb9a4,2026-06-16T06:33:19.025Z,88896323,Aubreyfurt,Money Market Account,Vella57@yahoo.com,Computers,voluptatem,7,3215.33
77a44291-bbd8-4f8d-8fd2-3a7595293a69,2026-05-09T15:17:27.801Z,51413742,Chanelfield,Investment Account,Orrin.Rempel-Pfeffer41@yahoo.com,Shoes,dolores,5,2431.55
2a0b5dbc-4197-4f08-8b52-70e8a44639d4,2026-06-09T11:29:58.390Z,13233592,Mills-Waelchiborough,Personal Loan Account,Carrie.Altenwerth64@hotmail.com,Books,perspiciatis,9,214.78
8267217e-d5cb-48e4-9801-45cc71bfed68,2026-05-06T10:34:05.452Z,1494816,New Romanchester,Auto Loan Account,Marjorie_Hand@gmail.com,Grocery,cena,5,2349.2
180c32ac-4cef-4f98-a662-966e517ae27e,2026-04-14T18:39:42.092Z,91407434,Yvonnebury,Investment Account,Brad_Schmitt84@yahoo.com,Outdoors,supplanto,7,2239.45
dfe3c47a-208a-47f5-96c9-5688facacbde,2026-06-18T15:44:55.051Z,58083252,North Tadfort,Home Loan Account,Jordy_Koss99@hotmail.com,Outdoors,quod,1,1593.04
7689343e-556e-4335-ad43-4823d46db85a,2026-05-04T08:30:15.126Z,54323240,Haleyland,Savings Account,Herminio.Grant@hotmail.com,Health,curso,10,4019.19
ce8cff92-23d5-4cf9-bb55-d8a580ca6a65,2026-05-25T19:53:53.371Z,55071270,New Raeton,Home Loan Account,Darrel.Will@gmail.com,Beauty,aestivus,10,3197.61
3f965b4a-f3de-4ea9-a15c-20d185ab1919,2026-05-08T03:19:51.235Z,2709993,Lesterside,Auto Loan Account,Hester_Cummings@gmail.com,Jewelry,tollo,10,3807.39
1f78d3a1-bd3b-4356-b38d-f5b38e79fe3c,2026-05-05T04:03:44.302Z,70982375,Lake Gerson,Savings Account,Reagan_Mills@hotmail.com,Sports,accusantium,8,2314.72
4b15d4e0-6e57-469b-8c00-eec432a2cc34,2026-05-16T12:09:07.823Z,75687074,Juliusview,Investment Account,Lera54@hotmail.com,Home,triduana,3,555.11
5423d739-72f1-4e6d-9838-9ba59f2cd0ef,2026-05-17T12:12:09.583Z,76720047,Bozeman,Personal Loan Account,Kelli.Von64@gmail.com,Home,censura,8,3135.46
5f7982f4-3850-40d8-8cf9-f0e1bc048735,2026-04-27T19:26:13.900Z,61516165,Ebertcester,Money Market Account,Ova_Kuhic@hotmail.com,Computers,accommodo,6,1925.01
a31cd47d-da39-481e-bce4-3fb5fe0b224d,2026-05-06T01:36:03.099Z,15758168,Sarasota,Home Loan Account,Essie8@hotmail.com,Movies,statua,5,2805.93
08907bdb-be18-4177-a893-6ba0820a09cf,2026-05-15T01:57:08.036Z,39349953,South Delphia,Investment Account,Opal_Homenick62@gmail.com,Beauty,pectus,6,1459.81
75cc3cc4-e169-4c9e-aa8b-e8998d728dc0,2026-06-08T11:40:01.524Z,98499553,Stanleyshire,Auto Loan Account,Kay80@yahoo.com,Books,atrocitas,8,2483.37
6dd38d12-c7ab-4212-81cc-0936693e0228,2026-06-14T08:12:53.823Z,18028583,Mattstead,Money Market Account,Keely_Klein16@hotmail.com,Jewelry,brevis,5,2861.11
93a31b09-524f-4521-87f3-eac0fa144023,2026-06-30T17:19:42.899Z,62408841,Anaisville,Home Loan Account,Freddie.Hodkiewicz@gmail.com,Health,atqui,4,1764.36
1511577d-6d92-487a-ad74-5e21a64c6dfe,2026-05-14T10:39:48.612Z,89798120,Port Brendaport,Personal Loan Account,Clotilde_Boehm45@yahoo.com,Music,nam,6,4389.58
43353d1e-4798-4cb0-af5c-dd38e982e410,2026-04-24T11:39:43.937Z,83724856,Larsonview,Checking Account,Victor.Feil0@hotmail.com,Tools,audio,3,591.21
ac171910-1d34-4e20-8c60-8f35f52544f7,2026-04-11T10:30:14.447Z,60111706,Andresport,Auto Loan Account,Anissa_Ernser-Russel@hotmail.com,Automotive,triumphus,9,3737.62
b462b989-362b-40cf-8ddf-945fd5531c90,2026-06-19T23:30:50.941Z,68095160,Melbourne,Auto Loan Account,Brandy_Feeney7@hotmail.com,Baby,quia,8,4362.81
cf95bc60-0576-47db-977c-26f623699b0c,2026-06-23T06:01:15.488Z,83518227,South Edmund,Checking Account,Cristobal45@gmail.com,Grocery,aureus,9,2093.29
abe12f22-6662-4529-b29a-ce869b370f1f,2026-05-06T14:51:20.977Z,62844525,Lowellberg,Money Market Account,Carleton.Kemmer75@hotmail.com,Grocery,amita,7,4966.27
c99ec6e6-e706-48f6-a3f9-63948874562c,2026-06-16T17:45:21.193Z,78221539,Hamillshire,Investment Account,June.Mosciski@yahoo.com,Home,cribro,9,4994.08
b112f166-856f-40c8-817d-02b9aae2986d,2026-06-21T23:50:07.158Z,42849454,Kubcester,Home Loan Account,Charley.King27@gmail.com,Health,accusamus,6,3626.44
733525aa-8f6e-483d-857f-5e1a7eb02221,2026-05-08T12:43:57.934Z,66075428,Lexington-Fayette,Investment Account,Gardner_McGlynn9@gmail.com,Games,ustilo,1,499
e0ee89da-d5af-4107-83a0-7c6005b08136,2026-05-01T18:06:34.059Z,95401628,West Sammyborough,Credit Card Account,Unique56@gmail.com,Clothing,patria,4,1735.34
4820fa3c-391f-4129-8517-7f2d57d0d6ca,2026-05-17T03:21:56.659Z,74566122,Welchshire,Personal Loan Account,Harold15@gmail.com,Shoes,voluntarius,7,1418.92
3d76b00b-579f-4ddd-983d-6114d5f21613,2026-05-28T07:22:43.194Z,27756836,Coral Springs,Personal Loan Account,Emilio_Halvorson@gmail.com,Outdoors,bis,7,753.77
d1b5d894-242b-4a56-9ee6-bf9fbc41bd71,2026-06-17T19:06:37.805Z,97682073,Santa Fe,Home Loan Account,Doreen_Hartmann71@yahoo.com,Home,ciminatio,3,805.34
5924af09-19d8-4301-aac4-4a383e2b27de,2026-05-14T05:18:37.085Z,69704143,West Miguel,Home Loan Account,Ron.Lemke33@gmail.com,Sports,certus,4,2705.65
cf921ec1-94d0-454b-b0c6-fc7068c72590,2026-06-07T10:43:36.986Z,35923963,Beiertown,Personal Loan Account,Bianka.Walker9@hotmail.com,Baby,conscendo,2,327.48
5c20f95f-f0e7-4692-b52f-da74d7d0f67f,2026-04-26T12:49:45.410Z,4413797,New Jacqueshaven,Investment Account,Lynne.Bogan51@hotmail.com,Music,synagoga,4,1341.81
18e0319f-bf43-4048-8792-2a1487951480,2026-06-11T05:38:39.829Z,92287820,East Imani,Auto Loan Account,Ayana49@yahoo.com,Baby,tametsi,8,1258.74
f243f7dc-19a1-4d7f-b822-f2ac6b8523ec,2026-04-11T08:26:02.519Z,21502732,Hanford,Savings Account,Omar_Monahan@yahoo.com,Music,speciosus,8,4728.08
8334051b-c5e3-4c5e-81e8-cff3c3fd4611,2026-05-10T18:40:11.456Z,51496991,Hilpertfield,Home Loan Account,Joanna53@gmail.com,Outdoors,id,6,4234.33
0761173d-30b2-4e45-ade6-b150ed99cb24,2026-04-24T05:48:17.751Z,27028592,Beierview,Checking Account,Michele_Powlowski55@yahoo.com,Electronics,sono,3,2811.96
6bfeadcc-9832-422f-a90b-ea0bfe3fa1ce,2026-06-17T20:54:04.353Z,84759113,Spring Valley,Investment Account,Carson0@hotmail.com,Toys,tremo,4,3944.36
8ccaee99-c0d8-4661-bb1e-97f650d68130,2026-04-18T20:19:07.418Z,72514622,Ryanburgh,Auto Loan Account,Barbara.Goldner@gmail.com,Jewelry,temeritas,4,2047.56
d1c0b083-f408-43b2-8d4a-1264eb375b1e,2026-06-29T17:59:08.111Z,31030647,Mandychester,Checking Account,Hattie_Ritchie@gmail.com,Shoes,repellendus,4,1233.22
b4c049d4-976f-4f12-b144-a716d253dddd,2026-07-01T23:04:59.897Z,44721871,Brionnaland,Checking Account,Bill.Kautzer44@yahoo.com,Music,creptio,8,3081.25
480aa085-0de3-4e4c-9acc-ae0ca546a791,2026-04-04T15:30:47.855Z,14555637,Port Tabithafurt,Personal Loan Account,Elwyn.Vandervort@hotmail.com,Garden,dedico,9,1161.58
4b00be25-5d7a-47b3-98cf-4816817eefaf,2026-05-02T22:29:29.592Z,74693113,Emardside,Money Market Account,Tamara.Jakubowski46@gmail.com,Jewelry,aqua,4,380.58
ec5fda80-efbf-4308-a7d4-95d95915fdf7,2026-06-21T21:52:59.051Z,44128419,Colorado Springs,Checking Account,Retha43@gmail.com,Outdoors,derelinquo,8,3167.55
098c66b6-cc2b-4221-9775-cb5539e9495c,2026-04-18T06:36:16.880Z,36578726,Lloydville,Credit Card Account,Myrtis_Witting27@hotmail.com,Home,vereor,1,3683.98
69eac556-6040-4aeb-a542-09c83091c129,2026-06-23T23:08:47.159Z,75767846,Hendersonville,Auto Loan Account,Jacqueline.Dickinson95@gmail.com,Computers,crustulum,7,3405.95
dae7e582-a3e4-41dc-96d6-7f5140524039,2026-06-17T18:18:23.600Z,49335088,Des Plaines,Investment Account,Rachael11@hotmail.com,Electronics,molestiae,6,1389.67
20206103-b921-4d24-9567-a78d92df5a24,2026-06-09T04:16:26.061Z,40703863,Beierbury,Personal Loan Account,Ryder47@gmail.com,Electronics,amiculum,6,190.17
7f25eca0-1319-496b-93cf-a8baa72ceef3,2026-07-01T06:10:55.226Z,78129699,Frankchester,Credit Card Account,Owen.Bashirian18@yahoo.com,Jewelry,curiositas,8,3308.41
e749e515-13cc-433e-97c4-34d2b95a3fb4,2026-07-01T15:55:52.513Z,47848426,North Bradland,Personal Loan Account,Reanna.Walsh63@yahoo.com,Garden,aequus,6,1324.87
db67c4d7-ca34-4b57-88fa-8b6440628821,2026-04-23T01:25:37.533Z,3067801,Judithworth,Auto Loan Account,Shelia_Jakubowski70@hotmail.com,Shoes,talis,10,3989.52
ce757d63-0204-499e-94e3-337e84c9f39f,2026-06-01T14:29:25.806Z,45734929,Deweyberg,Investment Account,Patsy_Keebler@gmail.com,Electronics,volubilis,4,4224.67
6816f003-83a4-45f4-b64b-276f6f5ae468,2026-05-22T19:44:23.061Z,94977138,Pico Rivera,Investment Account,Elwyn_Nolan@hotmail.com,Baby,defluo,4,164.95
ff41d37c-848c-4d80-9021-8490c39f2a8e,2026-06-25T05:45:47.079Z,89226735,Moenport,Money Market Account,Asha_Schoen16@gmail.com,Outdoors,vere,6,42.17
47db4edd-6d5e-4b20-bba0-f30a8afaa605,2026-04-28T23:11:20.054Z,3714397,Port Damon,Savings Account,Easton.Harris@gmail.com,Kids,cohibeo,5,3232.42
a3ffacd6-86a0-4cb3-87a2-c8cf971119ac,2026-06-02T02:50:07.530Z,50719333,Murray,Home Loan Account,Vanessa_Casper@gmail.com,Automotive,triduana,10,4063.56
386e55da-1695-434c-97b8-0d928eedb062,2026-05-02T07:15:27.901Z,26440207,Lake Warrenberg,Home Loan Account,Shawn20@yahoo.com,Shoes,coepi,1,995.45
79458cfa-999f-47c6-96c7-45ab60975870,2026-06-21T07:01:50.803Z,90891439,Brekkehaven,Money Market Account,Alek90@yahoo.com,Outdoors,odit,10,1730.37
242b7a2c-de24-4677-af2c-43b4f31640bd,2026-06-11T04:24:19.393Z,12814966,Odessa,Money Market Account,Aliza.Mann@hotmail.com,Grocery,clarus,7,3630.63
a08808ad-b6fa-4205-96d1-ffe8e3028e97,2026-04-15T03:28:55.806Z,49956385,Alejandrinbury,Savings Account,Lexi.Kub46@hotmail.com,Garden,quam,1,3826.53
b6847c1b-131b-4c77-9303-3d18aabd346d,2026-05-08T18:29:03.325Z,72933574,West Miriam,Home Loan Account,Martin.Ondricka@yahoo.com,Sports,templum,3,3353.3
733d66d5-01eb-4bc6-aa6d-1d01d2608d81,2026-05-16T05:20:14.567Z,1777839,Reynoldsworth,Credit Card Account,Katrina_Schmitt@gmail.com,Health,quibusdam,3,3896.12
d8522e4f-0f4f-4840-9064-6ff93c3053c6,2026-04-24T16:06:46.795Z,20007113,Willmshaven,Home Loan Account,Jeramy_Pacocha45@yahoo.com,Jewelry,adhuc,6,3736.96
6046b2e0-d785-436b-acf5-e1388a8f3162,2026-06-26T09:15:28.478Z,55608508,Norafurt,Checking Account,Treva.Hand73@gmail.com,Computers,aureus,3,1268.39
58f15f51-72b4-4356-96a5-ede94021da5b,2026-06-18T23:46:32.383Z,33681699,North Traceyfurt,Auto Loan Account,Gilbert_Davis@gmail.com,Clothing,pectus,8,751.03
6a595ab1-627b-4865-ade1-79a212c4fdb6,2026-05-14T13:46:22.798Z,86508921,Adamsshire,Personal Loan Account,Luis_Reilly59@hotmail.com,Grocery,cohibeo,3,677.8
793656db-645e-4817-aa5d-e00ae5b09f96,2026-04-18T16:44:37.502Z,55771657,West Gardnerchester,Personal Loan Account,Wilhelmine.Monahan30@yahoo.com,Garden,caterva,8,462.95
27884a31-88b4-4bd8-86d5-4b8bb6c5c34f,2026-05-28T14:30:33.850Z,97624325,O'Connell-Quitzonfield,Credit Card Account,Renee.Balistreri@yahoo.com,Computers,sophismata,1,2200.15
346a59ff-d553-43cb-83a1-d52de782bdd0,2026-06-27T00:35:27.690Z,9340768,Rockville,Savings Account,Jarrod_Wiegand@gmail.com,Beauty,atque,1,2062.52
4549e8c6-1116-4122-b2df-9c9c239d78ad,2026-04-30T16:29:16.078Z,11042454,Mariahaven,Personal Loan Account,Jane_Kuhn35@yahoo.com,Beauty,timor,5,2427.73
0e70de1c-922b-4d4d-9a53-a3095d8b334e,2026-06-22T00:25:00.415Z,30413579,Fort Ella,Auto Loan Account,Leonard62@gmail.com,Home,vinum,6,3575.08
e324f6c6-ba7a-4407-aac9-2d9557098523,2026-06-28T16:14:11.680Z,58533690,Port Jennyboro,Investment Account,Adrien7@yahoo.com,Baby,usitas,2,2432.76
9b24b713-fe6a-46e5-b89c-659c2bc13f81,2026-05-30T19:14:03.993Z,12791247,Joseland,Auto Loan Account,Monica.Gutmann-Vandervort@gmail.com,Automotive,summopere,4,682.7
0e8501e6-56df-4ef3-b729-d2d0fb044131,2026-04-10T16:21:36.469Z,27855365,Bayonne,Personal Loan Account,Leah_Gleichner@yahoo.com,Computers,iure,1,1892.08
85abee9f-53c4-417b-af07-71a6f9d70592,2026-05-31T18:30:26.388Z,59957865,Prohaskastead,Home Loan Account,Darrel24@yahoo.com,Tools,attollo,1,1948.73
980fbcd5-731b-4985-a58e-994a09ee6d20,2026-04-10T01:59:59.949Z,33616474,Viviannemouth,Personal Loan Account,Irma.Orn99@gmail.com,Books,cervus,4,3231.19
a52a694f-8bb0-4d96-9293-702ecf333078,2026-06-08T00:29:49.012Z,26937455,Omaha,Money Market Account,Holly.Bahringer@hotmail.com,Garden,tertius,3,4119.04
8a83f890-8006-4c02-b2f3-874299fba754,2026-05-04T19:24:14.869Z,38446319,West Gerardo,Checking Account,Llewellyn48@hotmail.com,Computers,totus,10,3172.77
e541419c-ef9f-41fc-8c76-cff6822f3c0e,2026-04-22T13:29:38.005Z,70537059,Port Eloisa,Credit Card Account,Lewis.Medhurst41@yahoo.com,Shoes,consectetur,6,3360.01
787aaad6-66c1-48a2-9ec8-af9564b23ed1,2026-05-23T05:18:37.354Z,16758052,Joycechester,Investment Account,Shania_Emmerich20@gmail.com,Beauty,currus,9,4302.07
090714cc-d1d7-43aa-aff5-dc052d556ee8,2026-05-14T23:56:26.783Z,50873659,Macejkovicbury,Savings Account,Domingo92@yahoo.com,Movies,thesaurus,5,806.55
b38c8973-6dd6-47c5-858e-f9a1c2780dcf,2026-05-17T21:31:40.402Z,19980130,Welchfort,Auto Loan Account,Abraham81@gmail.com,Beauty,cultellus,6,1799.72
3e48e108-7196-4fd9-bf4d-0355f611e628,2026-04-18T08:05:20.819Z,86963775,Fort Lorenzashire,Auto Loan Account,Layla0@hotmail.com,Jewelry,taedium,7,3838.49
85951ee5-a4cc-4224-9189-5a66272ba967,2026-05-16T19:05:06.093Z,34431296,Lake Aidenville,Home Loan Account,Spencer96@hotmail.com,Grocery,caecus,10,705
88f3fa6a-aa7a-4416-8119-ea655399f6e9,2026-04-24T19:12:31.588Z,1322529,West Omarville,Checking Account,Blanca88@hotmail.com,Sports,sulum,8,1729.08
c702fd69-01e1-4e56-a784-8ce133f76908,2026-05-09T06:05:40.342Z,32356329,Farmington,Checking Account,Christian48@yahoo.com,Beauty,taceo,7,4755
222f76b9-1601-4ab3-b78d-4aa8169d8f07,2026-05-23T13:54:18.951Z,46629485,Burnsville,Home Loan Account,Chelsea.Lebsack66@hotmail.com,Computers,eveniet,9,3354.91
918f1c8a-e78d-4178-a8f7-e019592eb0a4,2026-05-07T07:21:33.928Z,86462343,Klingberg,Home Loan Account,Jaime11@hotmail.com,Games,verumtamen,7,3774.71
030f1c65-8e14-44e6-a20a-a90ad0ba4311,2026-05-11T06:19:19.063Z,29829459,New Molly,Money Market Account,Jerel.Trantow-Satterfield@hotmail.com,Toys,velociter,6,23.2
8c95c445-f3e7-4bfc-bfc0-fa5f79c8da60,2026-05-14T05:16:47.360Z,4823520,Dickiview,Savings Account,Clayton.Gutmann57@hotmail.com,Grocery,pecco,5,3321.83
22654c7c-b1fa-4baf-ae28-d8f6b65fcee6,2026-06-20T12:38:15.521Z,30306240,East Conrad,Investment Account,Marion_Cruickshank@yahoo.com,Tools,curo,5,3278.1
0b27cb8b-a845-4e18-b8f8-67c95fa0f322,2026-05-19T00:25:22.599Z,78687292,Melbourne,Credit Card Account,Miranda_Reynolds@gmail.com,Garden,accusantium,4,831.7
9c8e63c9-5e14-410f-a924-db8ae604271a,2026-04-28T00:08:41.626Z,99947768,Mobile,Checking Account,Louis.Bauch13@yahoo.com,Clothing,soleo,9,4125.11
200cb1d5-4c70-413d-9a57-1705b06d71bd,2026-04-12T15:30:38.807Z,86566387,Bowie,Home Loan Account,Minnie_Ernser3@gmail.com,Automotive,incidunt,5,3929.09
f61235b1-8d58-4ff5-84f3-89ab761da1fb,2026-06-21T08:20:08.883Z,7805859,East Inezworth,Credit Card Account,Lorenz.Kiehn27@gmail.com,Home,spiculum,2,4503.49
e98b52da-1526-48cd-bb62-f3efc1ada1fd,2026-06-04T17:17:30.498Z,8511439,South Obie,Home Loan Account,Brandi.Schaden@hotmail.com,Jewelry,teres,1,630.6
b9a34935-227a-46b0-ac77-bbc7a6858d9e,2026-05-22T10:00:34.222Z,26759598,Bernadinestead,Credit Card Account,May_Carroll30@hotmail.com,Movies,consectetur,4,2663.18
62b4470c-5502-4eac-9e1e-529c0bb67052,2026-06-11T13:09:27.185Z,65971854,East Zella,Home Loan Account,Lindsay98@yahoo.com,Automotive,supplanto,6,759.88
bd06d2fe-2d42-45d7-ad60-321c12020d6a,2026-05-13T09:39:32.229Z,25039071,Debracester,Checking Account,Cedric_Zulauf16@hotmail.com,Electronics,corrumpo,4,838.4
441a3fc4-a21d-4e61-aedd-a61b163e73f9,2026-06-03T23:14:32.777Z,33518060,Monserratshire,Savings Account,Tyrone91@yahoo.com,Beauty,basium,9,3834.36
45ac305a-1dc2-4f47-94ec-6470c3e74608,2026-06-06T08:06:33.325Z,71973306,West Bailee,Credit Card Account,Coty_Denesik@gmail.com,Books,surgo,8,4476.89
07829476-4c53-4ca5-beed-360e1259251e,2026-04-09T11:39:56.244Z,69198653,South Shania,Money Market Account,Coby.Shields@gmail.com,Computers,venia,7,1232
55b3971a-8c14-487b-82aa-2178888e151c,2026-05-07T19:09:10.794Z,85599820,Jeramieshire,Auto Loan Account,Raquel61@gmail.com,Toys,ulciscor,2,4304.54
9ffcc61a-dbe0-4753-a2e3-4cdc3f2c27e6,2026-04-26T19:58:38.723Z,26103637,Fort Marychester,Checking Account,Nichole_Grady@yahoo.com,Tools,ullus,1,4970.99
2cd0aa5c-933b-4f8f-84ea-aa208eb78d30,2026-05-16T01:48:44.436Z,28561663,Avondale,Auto Loan Account,Gladys_Champlin45@hotmail.com,Sports,benevolentia,10,1161.06
ac04520d-7ca3-4e9b-8813-6d8b8c97bee5,2026-04-20T06:07:31.799Z,40048619,Dothan,Credit Card Account,Candace.Crist68@hotmail.com,Sports,decipio,8,984.89
6bfc974a-df8f-43da-aac5-ae4e6e4b82c1,2026-06-27T06:49:28.073Z,82774807,West Rex,Money Market Account,Paula_Collins@gmail.com,Grocery,truculenter,2,181.78
53ba5542-1f39-400d-a765-dda782aa2e92,2026-05-15T20:06:09.160Z,45821217,Eladioside,Auto Loan Account,Henry_Feeney59@gmail.com,Sports,solvo,3,4756.24
bd42ff58-0693-4446-86b2-4fc7b1929438,2026-06-17T22:06:47.471Z,67815405,Baldwin Park,Money Market Account,Coralie_Connelly@gmail.com,Grocery,ultra,5,1245.94
e44c1242-385d-4ffe-b3e0-bdd062c372d5,2026-06-18T09:13:48.978Z,37681229,Paxtonstead,Auto Loan Account,Garnet_Larson-Stracke@gmail.com,Health,amplexus,9,1685.74
89a77500-f320-4bc4-9de7-d451cd7efe16,2026-04-03T21:20:46.758Z,61920752,Murielport,Auto Loan Account,Una_Ledner@gmail.com,Sports,decet,10,792.93
f5b95c5a-60e8-465c-be23-c81d9bb580e4,2026-05-14T02:32:12.885Z,69249192,North Rachelshire,Money Market Account,Mallie_Hand63@yahoo.com,Grocery,curvo,4,3915.55
5300e096-79bf-4f65-b003-1f6b40b7e7fe,2026-04-28T00:09:02.658Z,15874956,Port Tyreseview,Home Loan Account,Jodi7@hotmail.com,Clothing,adinventitias,9,4000.02
9df3bc96-067d-44a2-b5a9-d30981584d37,2026-06-23T08:15:31.583Z,54537370,Kaylahbury,Home Loan Account,Leopoldo_Bartoletti26@hotmail.com,Outdoors,toties,2,2673.53
1a39435e-1971-4319-a627-5ac68fb82624,2026-05-27T01:06:59.142Z,5060852,Effertzbury,Checking Account,Juana74@yahoo.com,Grocery,vereor,10,1544.86
fe6f93fe-619b-4a37-8c74-af1ac013dc72,2026-06-11T10:13:58.059Z,54215807,New Noel,Investment Account,Agnes93@hotmail.com,Kids,verus,1,4154.98
b3596322-a9ad-4c69-91a2-f4ee345b365a,2026-05-08T03:55:48.385Z,48800772,New Braunfels,Home Loan Account,Arthur20@hotmail.com,Games,vestigium,9,2851.33
2bf4c3a4-5a53-4df4-8054-4d642f5f43b8,2026-05-13T13:36:57.995Z,79638518,Lake Earlfield,Home Loan Account,Ruben_Mohr@gmail.com,Kids,uberrime,10,2065.15
4ea8084b-047a-4562-964b-291f69e46d40,2026-04-17T17:59:59.869Z,51440598,Birmingham,Checking Account,Rudy_Haley69@yahoo.com,Kids,convoco,2,1074.21
bdd9c59d-656b-4148-b6ae-4e6313dfe47f,2026-05-09T09:01:55.677Z,91298076,New Lyndaberg,Savings Account,Tami_Lindgren0@gmail.com,Computers,bellum,2,4183.49
d2484203-a1c2-4039-91ad-a74f4d8684c3,2026-06-02T20:04:31.813Z,65782962,Samuelworth,Auto Loan Account,Sheri_Jast78@hotmail.com,Shoes,aliqua,5,2218.61
35d62235-61db-49d8-a4e5-63510caa79d3,2026-06-28T11:53:17.205Z,17517984,Port Alexanne,Home Loan Account,Amara76@gmail.com,Toys,iure,7,2656.65
311bf2c3-455e-4c9c-bdf6-af6f587e4c6a,2026-04-26T14:02:52.168Z,44565462,Bellevue,Credit Card Account,Sheri_Walter55@yahoo.com,Shoes,studio,8,3217.97
d3b96bad-00a3-4cbc-8bbf-3efd143143de,2026-05-26T11:50:41.650Z,53472441,Port Albertobury,Credit Card Account,Floy.Kutch@gmail.com,Automotive,veritatis,6,1290.07
5ea524ad-f514-42fa-901b-cda7e21583fc,2026-05-01T01:05:18.909Z,97524881,North Mack,Checking Account,Janice.Green@hotmail.com,Computers,conicio,5,2839.41
5fff8b8a-3d89-4d90-8fca-0eac7eb32619,2026-04-24T21:41:57.318Z,21924753,Cassinchester,Investment Account,Santos_Mueller43@hotmail.com,Electronics,corrigo,4,1734.48
f42d6095-33ae-4512-b05c-f50a7af91e4d,2026-04-09T04:03:16.906Z,15013863,New Reanna,Checking Account,General_Mayer47@hotmail.com,Industrial,vox,8,4130.43
0894d464-5728-4e30-83f5-7815c2a8c5f4,2026-05-01T02:53:22.297Z,40608500,Lake Dionport,Savings Account,Moises38@hotmail.com,Baby,demergo,10,1513.62
d0f31a8b-9d23-4847-905f-8d562d7fbee7,2026-06-10T19:38:04.712Z,24680749,Port Aaron,Money Market Account,Gillian62@hotmail.com,Health,trepide,1,708.9
291c7c8a-4fd8-4289-b254-30b4dffec6ea,2026-04-22T15:14:18.118Z,71173912,North Calvin,Checking Account,Adrain_Cartwright@gmail.com,Outdoors,cena,4,4629.3
203ebd18-fba4-413a-a321-af5da7ed3c0e,2026-04-28T06:43:52.512Z,68660010,West Ivan,Checking Account,Trinity.Herman@gmail.com,Baby,cena,1,887.07
8010b0ae-5ed8-4bd8-81a8-d10aa38382d0,2026-05-26T02:56:32.904Z,86780022,South Joelfurt,Money Market Account,Jailyn_Huel80@yahoo.com,Beauty,vesica,5,3489.92
8ecde758-1595-4c3f-86a0-0a96a0a56083,2026-04-15T18:55:33.013Z,91198087,Fort Jalen,Personal Loan Account,Wilbur_Schumm@hotmail.com,Jewelry,cunae,7,1281.25
5f1c166a-b64e-4c21-a3aa-558bad9bf67b,2026-05-30T05:32:05.164Z,65783383,East Baylee,Money Market Account,Desmond51@hotmail.com,Games,culpa,7,1837.62
e3b022d6-b6eb-47d2-9ce8-7a526ac7b6a7,2026-05-23T21:42:43.015Z,23369771,Marshashire,Investment Account,Nettie51@gmail.com,Beauty,tempora,10,3078.96
33aec1ba-d6f3-4e70-842a-4a46d284d9e6,2026-04-19T19:57:33.729Z,69649063,Lindgren-Hettingerfield,Auto Loan Account,Dario35@yahoo.com,Automotive,anser,3,4838.9
18f2f936-98bc-4921-a912-5ecf1fe8faed,2026-05-18T11:55:23.016Z,54914966,Johnson City,Auto Loan Account,Joana30@hotmail.com,Beauty,calcar,3,900.58
c8908724-1bb7-4211-b1fb-b7f1ccb8e319,2026-04-07T05:01:44.634Z,78042645,Port Carol,Personal Loan Account,Hector_Thompson@hotmail.com,Baby,comitatus,2,4544.88
8b035e51-ae9e-4a0e-99b7-aea4dadddf37,2026-04-22T05:05:06.238Z,12408736,East Shermanfort,Personal Loan Account,Silvia85@yahoo.com,Industrial,taedium,9,4929.06
12ea3b0b-b528-4c09-a516-da9f51e0299d,2026-05-20T10:21:06.285Z,50289753,Lake Lexishire,Auto Loan Account,Maida.Jerde97@gmail.com,Baby,iusto,2,3816.18
c6ff0026-5036-4ca4-8e5d-f8301aafc013,2026-06-04T02:55:34.393Z,80504385,West Rosaleefurt,Checking Account,Linnie11@gmail.com,Industrial,amoveo,8,4383.85
78d6e9df-73ee-4228-90cc-09a73210533a,2026-04-09T05:38:23.077Z,88460277,Fort Smith,Money Market Account,Jaron_Beer2@yahoo.com,Baby,amor,7,1280.52
d028c657-a0b7-4e27-bb98-d18bf0cf0113,2026-06-30T08:46:21.617Z,55743139,New Pam,Home Loan Account,Kenton_Kshlerin71@hotmail.com,Computers,tersus,1,2539.3
ab32a94c-7b8d-472b-a59c-71b868fae965,2026-04-14T20:07:47.395Z,76831584,Lednerport,Personal Loan Account,Glenda_Beer73@yahoo.com,Beauty,acceptus,8,2471.62
85a8e579-d1ca-47ee-a11e-df6b6ba74237,2026-06-21T09:11:11.668Z,26913721,Sarasota,Money Market Account,Euna.Kovacek98@yahoo.com,Movies,careo,1,1467.9
ddb079c0-87f6-4cf9-8a58-524d2ad0a198,2026-07-01T21:20:54.334Z,60911165,St. Petersburg,Investment Account,Omar_Vandervort@hotmail.com,Movies,xiphias,10,2448.77
31c0d6f4-de6b-4115-89a2-fb6f138e4ea9,2026-04-19T09:40:32.713Z,60868897,Ricechester,Credit Card Account,Berneice85@yahoo.com,Jewelry,sodalitas,4,492.66
1e4fcd02-da87-4c51-89d9-54e2335ab849,2026-05-03T00:04:26.625Z,47191184,Yuba City,Money Market Account,Margaretta_Stiedemann77@hotmail.com,Tools,explicabo,10,244.09
cd393b58-cae2-48b2-95c6-da06486c47c4,2026-06-30T03:28:05.165Z,42003610,East Ashly,Savings Account,Markus96@gmail.com,Beauty,decor,2,3009.92
bc9abd22-9b02-48a3-947b-d87ef38572bf,2026-04-19T07:07:20.030Z,6378130,West Babylon,Savings Account,Kaylah_Baumbach74@gmail.com,Clothing,curto,3,421.78
a0e895f1-dce4-459b-810a-5bf828b925ff,2026-05-03T07:56:48.780Z,2019956,Desireecester,Credit Card Account,Tonya.Feeney-Von@yahoo.com,Toys,callide,8,1166.71
a041213e-44ed-47c2-ba4d-8853eaaf1e3d,2026-05-19T23:25:51.207Z,71858956,Franklin,Personal Loan Account,Dashawn.Mertz19@yahoo.com,Electronics,thesis,3,4659.33
e9e74867-4612-494a-9b5c-5e72a92c240e,2026-05-30T12:32:23.953Z,62567736,Fort Shawna,Savings Account,Pamela10@yahoo.com,Movies,titulus,6,3929.41
f8c61cbb-00da-4a57-af02-d6af12b79505,2026-06-13T08:08:02.724Z,5467764,North Carlaside,Home Loan Account,Carlie_Kerluke58@yahoo.com,Grocery,utroque,2,237.12
01db41f9-2d91-4438-8a8d-ea1563cdaea6,2026-05-12T12:08:06.425Z,65883145,Fort Elda,Savings Account,Alyson.Satterfield45@hotmail.com,Electronics,cohors,3,3551.16
054315ea-9e38-4da2-8c7f-dda92e4c11ee,2026-05-04T16:31:27.990Z,59211083,Juliencester,Credit Card Account,Helen56@gmail.com,Jewelry,anser,7,363.14
54a37ccd-c54a-4ea8-b338-128162333885,2026-06-10T09:59:06.016Z,1003077,Pflugerville,Investment Account,Davon.Dickinson-Hermann@gmail.com,Automotive,coaegresco,8,3212.47
6817755b-b02f-41ac-8585-7b2d6c5c709a,2026-05-30T10:28:13.282Z,3707841,Bettyport,Savings Account,Todd_Leffler40@gmail.com,Tools,dicta,2,3234.11
e8dc4a8e-e83c-4346-a261-9ab8c264f256,2026-05-18T21:41:49.751Z,68229391,South Crystel,Home Loan Account,Lola_Haag@gmail.com,Music,spectaculum,3,4846.83
e0f2107f-a22a-4887-a102-c1f4110d8a64,2026-05-02T16:21:08.315Z,95325692,Ritchieborough,Checking Account,Jeremiah_Boehm6@yahoo.com,Home,vorago,5,2140.05
2691e2df-9893-4c00-be6d-f78eadbcdf55,2026-05-25T23:27:06.097Z,32724163,Taylor,Personal Loan Account,Kallie_Douglas94@hotmail.com,Games,vestrum,3,3885.24
a0716a16-3f31-4415-96da-82561960ce2b,2026-06-11T12:54:04.083Z,43373226,Ottoshire,Money Market Account,Omar.Hermiston@yahoo.com,Books,carbo,4,4096.51
8ccca09f-5641-46fa-ba6c-c3293668dc00,2026-04-06T01:54:43.912Z,10851526,Hillsboro,Home Loan Account,Juan91@yahoo.com,Jewelry,ceno,2,1518.93
02e7713c-802b-4d8e-abc5-874e01beef4f,2026-04-17T15:04:01.512Z,70782907,New Christine,Money Market Account,Bill_Grant-Berge@yahoo.com,Clothing,sub,3,530.53
24357d07-2b89-4d51-94cd-afc41795f088,2026-05-06T14:27:15.034Z,55633168,Duaneland,Investment Account,Ronnie19@gmail.com,Shoes,viridis,1,163.39
2785b25a-3d39-46bb-accf-cda872d0a598,2026-06-11T18:21:45.125Z,25945189,Torphyland,Investment Account,Clemmie.Goyette@hotmail.com,Clothing,voluptatum,2,25.67
3727f168-31da-489c-a170-5135e2d059d6,2026-05-17T04:28:37.914Z,35653422,Dickihaven,Checking Account,Dan.Kozey@hotmail.com,Books,pectus,1,3712.56
21ba71a6-12f9-4d33-9dc1-3be0d2aa0f3a,2026-06-04T14:24:56.791Z,80292244,North Miami Beach,Credit Card Account,Rochelle.Goldner@gmail.com,Industrial,aptus,7,3290.46
72217fab-e9b9-48e9-8e7c-c79d1c10988e,2026-06-22T15:57:20.256Z,71049959,Brakusview,Savings Account,Jose_Hayes32@yahoo.com,Grocery,tardus,5,4891.86
23bc9fe7-46e7-4044-ad41-319f323bbe78,2026-04-28T00:18:00.843Z,2601338,Joannmouth,Personal Loan Account,Eduardo_Cremin47@yahoo.com,Tools,ab,4,385.79
ec021a54-ebe2-4222-8f85-24895e53999a,2026-05-29T08:30:03.898Z,51178295,Fort Herbert,Auto Loan Account,Doug.Schroeder15@gmail.com,Electronics,culpo,4,1232.56
8097d779-6623-4334-9f67-960d00cc6b51,2026-05-08T08:11:46.138Z,63241462,New Chayabury,Checking Account,Orie.Barrows20@yahoo.com,Movies,vilitas,9,767.33
48252026-854c-4b75-8e35-8df176f1c04f,2026-05-23T03:44:31.763Z,88345603,Racine,Auto Loan Account,Lorenza_Kertzmann81@hotmail.com,Home,soleo,8,4635.81
9d5410c1-432f-449a-81da-801c5f0b39a9,2026-04-14T09:16:19.887Z,10423024,Considinetown,Credit Card Account,Isabella.Sporer3@gmail.com,Music,approbo,8,1621.46
dc3e7f41-4d66-4ba7-8bfa-942b7352387b,2026-06-25T08:23:19.638Z,78928120,Koelpin-Gloverborough,Home Loan Account,Kimberly_Koepp73@gmail.com,Sports,abeo,7,2498.41
cd734422-12e8-4ae8-9065-52121dec6d67,2026-04-23T07:46:17.329Z,47208194,Port Reginaboro,Investment Account,Fred31@hotmail.com,Industrial,cum,9,4462.2
ea189b5d-5672-41a2-a098-fadc8f7b0142,2026-05-10T05:23:01.297Z,36418070,Fort Minnie,Checking Account,Tami_Schultz36@gmail.com,Jewelry,occaecati,4,2538.21
e8b5ffda-454e-45c8-b9d8-102ee413b185,2026-05-29T05:36:27.708Z,1477813,Theresaboro,Auto Loan Account,Katlynn_Mann@hotmail.com,Automotive,patria,10,2849.85
f8c52736-e440-4b32-9cb5-2c9277fb8021,2026-06-12T00:46:30.107Z,95253078,Bowie,Auto Loan Account,Amelia_Wintheiser41@hotmail.com,Electronics,credo,8,1063.46
e7dcf9d0-8780-438c-a018-404da8be56ff,2026-04-07T12:49:23.046Z,53151634,Shaneshire,Savings Account,Kathryn.Cruickshank33@gmail.com,Books,sublime,4,298.11
543531be-b40b-4ef1-b9b4-33dabe46d6c4,2026-04-27T10:31:10.825Z,91207705,Wesleyboro,Personal Loan Account,Jazmin.Rath83@gmail.com,Toys,arma,9,335.62
322dc700-dfa7-46ee-bbef-de6774927ecc,2026-05-23T06:39:26.836Z,17093502,Brannonside,Credit Card Account,Evalyn_Rolfson@hotmail.com,Kids,cupiditate,5,2423.12
87e5fe39-29de-41e3-8341-7f1a701b992a,2026-05-06T12:18:29.781Z,38582958,Port Rosie,Auto Loan Account,Nikita63@hotmail.com,Tools,benevolentia,1,3885.32
7fc4e4a9-23ec-4e6e-bf36-443bcd98759f,2026-04-17T08:30:36.247Z,9114302,Port Sallieberg,Home Loan Account,John41@gmail.com,Industrial,minima,1,4165.61
60eb09e2-c47e-4fe9-b538-4e612340f7db,2026-06-06T23:21:50.617Z,28854968,South Laurianeton,Personal Loan Account,Levi_Corwin@hotmail.com,Tools,aer,5,2911.87
ecdc56df-c0f5-41fb-b0ad-98f0a46ef7c8,2026-06-19T10:10:54.180Z,27765592,Romagueraview,Personal Loan Account,Melody_Hoppe17@yahoo.com,Tools,aspicio,8,2174.13
ab624dc7-255a-470a-a102-b14cace7b278,2026-04-09T14:18:07.907Z,65942893,East Garrett,Investment Account,Mateo_Dach25@gmail.com,Automotive,ambulo,6,495.53
b956c572-f718-4354-b039-d401d2186548,2026-06-09T16:39:15.624Z,15034161,Fort Fredrickhaven,Savings Account,Naomi57@hotmail.com,Sports,libero,8,3428.94
c0d351e2-aa03-4496-bea8-ef4d62f3f3d4,2026-06-25T02:05:39.372Z,19849490,Port Sonjaport,Personal Loan Account,Talon33@gmail.com,Grocery,illum,1,623.29
1f96294c-79f0-4728-9670-f64d2442320d,2026-05-07T17:25:59.345Z,89742559,West Johnathan,Investment Account,Felicia.Swift10@yahoo.com,Computers,deinde,6,2036.77
612c3f00-9d00-43a2-b4cb-a3f320300c10,2026-06-16T01:22:32.615Z,70365060,Vancestad,Home Loan Account,Tiffany60@gmail.com,Health,via,9,2169.57
93b5c280-11e2-4133-bf79-d469577bdfa0,2026-05-04T12:04:17.070Z,98078022,Lake Julian,Credit Card Account,Deanna.Heller@yahoo.com,Home,atqui,3,3018
b020d3ef-4fbb-4388-944d-452960197349,2026-06-04T01:16:32.230Z,18194919,Wolffland,Auto Loan Account,Kirk.Koepp75@gmail.com,Jewelry,aveho,3,4849
d2ef0868-e90a-4e5a-b809-cdc4e4480cd4,2026-04-26T18:35:13.558Z,92808028,South Ben,Checking Account,Kitty63@hotmail.com,Automotive,delectatio,2,237.21
58c63dc7-4689-4526-ac19-b0ac0f4180da,2026-04-04T03:27:09.908Z,79101758,Port Adrianfield,Home Loan Account,Rhiannon34@hotmail.com,Sports,stipes,7,3207.99
3c2b1a25-bc0a-49b4-bcd2-c96d292d9cdc,2026-06-13T23:45:42.318Z,27501573,Bridgeport,Money Market Account,Dwayne.Altenwerth22@hotmail.com,Home,ater,5,332.96
b6a52bed-f239-4f1d-b310-2b60d9cfbf48,2026-05-20T18:42:50.730Z,59984303,Fort Justineworth,Investment Account,Nadia_Heathcote12@hotmail.com,Baby,artificiose,3,2361.45
31401c10-8560-46b7-8602-7856c1535d18,2026-06-04T10:33:58.572Z,82177273,Kuhnfort,Home Loan Account,Ara_Lakin71@gmail.com,Computers,eaque,9,3112.42
e41afe05-081e-45bc-9f99-cf8c1909fa5d,2026-04-17T00:49:48.994Z,76046652,Adrianaborough,Home Loan Account,Rudy.Wehner95@hotmail.com,Sports,vulariter,7,869.96
60fe835f-3fa1-439b-b4e7-f5197a638fa4,2026-06-15T13:02:39.331Z,97677752,Fort Rupertberg,Home Loan Account,John61@gmail.com,Tools,tamisium,5,2238.65
55fdd6cc-e7ab-49ed-accc-9fbc891a4999,2026-04-25T06:36:44.743Z,15545847,Mobile,Money Market Account,Orie13@hotmail.com,Health,campana,4,1556.48
2b62cd3a-1a86-47c3-b734-b7d331ac904e,2026-06-06T23:31:43.751Z,8357157,Kesslertown,Investment Account,Jayde_Cummerata@yahoo.com,Health,aperiam,6,1300.64
e7225eac-e5da-4ec2-b4b7-07fa39ebab11,2026-06-02T18:41:18.870Z,99016049,Jacksonville,Checking Account,Madilyn_Hoeger@hotmail.com,Movies,patruus,5,3233.51
10ff7034-18d4-442a-8713-0a8774dbca73,2026-05-04T14:32:11.480Z,97087986,Berniemouth,Investment Account,Rylee_Fadel52@gmail.com,Grocery,voveo,10,1406.08
5d482726-f58c-4f1a-ae5d-e97929ad8709,2026-04-30T07:59:22.280Z,10157954,New Sonya,Investment Account,Jeanette_Feest-Ruecker@yahoo.com,Clothing,virgo,9,382.71
a6ec400e-f64c-4866-b1e3-0e0982f1eafa,2026-05-06T22:46:39.282Z,31522011,East Callie,Personal Loan Account,Dolly.Breitenberg@hotmail.com,Home,vinco,6,4386.53
afa68280-c750-4408-b675-d4e415fe28ac,2026-05-04T14:03:08.268Z,74929375,Wilmaview,Auto Loan Account,Rogers.Bogisich@gmail.com,Computers,acer,10,1359.91
9458af87-f90b-4674-9856-d5ecf136d428,2026-06-06T14:26:28.018Z,33508142,Domenicomouth,Money Market Account,William36@yahoo.com,Clothing,abutor,7,1069.46
893d8c7a-f749-47de-8761-9f552c23f1fd,2026-05-24T11:37:37.091Z,91916120,Garrettborough,Credit Card Account,Laverna_Balistreri27@gmail.com,Automotive,sortitus,8,554.94
80d8db63-3081-4d4e-95ee-bf6a1aabd243,2026-06-08T17:49:56.452Z,45745097,East Sage,Home Loan Account,Emelia64@hotmail.com,Kids,varius,1,3366.89
67e8f492-7171-42eb-884d-04139dcc6dc9,2026-04-28T19:07:49.262Z,47605395,Port Leonieborough,Auto Loan Account,Madeline.Kovacek8@yahoo.com,Books,aveho,9,2584.06
1c93b377-227d-451e-a353-e9f4f604ec1f,2026-05-02T21:16:32.839Z,52255612,Battle Creek,Auto Loan Account,Abraham_Hauck@yahoo.com,Toys,velit,8,1924.5
96e0da03-1194-42f6-bc58-9bd3b1ae2b7e,2026-05-16T07:14:44.338Z,75003948,Kilbackborough,Credit Card Account,Keaton_Lang18@gmail.com,Tools,correptius,6,246.34
2531062c-8522-44f5-a57b-85abbe5cb4c8,2026-06-16T20:32:58.695Z,36836798,South Betsyhaven,Money Market Account,Jasmine.Conn@hotmail.com,Books,sollers,8,303.4
8b6af51f-5d7a-4cb1-abd4-4126897a556a,2026-06-25T01:07:02.143Z,99011686,South Ricardoside,Credit Card Account,Constantin8@gmail.com,Clothing,acies,3,507.4
14503eae-bbe0-43b0-8f1d-30293d5edc7a,2026-06-30T17:14:04.680Z,12645999,South Bill,Auto Loan Account,Keith.Dietrich-Homenick17@yahoo.com,Clothing,vilicus,2,3686.87
f1d8c31a-50a5-47e2-8006-1eed35b0810d,2026-06-09T11:06:41.175Z,50948867,Rowland Heights,Investment Account,Breana75@gmail.com,Tools,tactus,5,2037.17
99815477-de90-4818-b1aa-16d9ba5dfe42,2026-05-14T05:30:35.417Z,78589499,New Titoton,Home Loan Account,Clay_Moore77@gmail.com,Automotive,vergo,3,3639.72
bf4ec7c7-025f-459c-8e82-c5d0aacfe63f,2026-04-04T04:46:27.652Z,38086431,Aidanside,Auto Loan Account,Doris.Simonis75@gmail.com,Tools,valeo,3,4908.68
2981f82c-3d2c-4a97-8f85-b5d7d27f5c23,2026-05-21T09:08:40.599Z,8949898,Fort Christa,Auto Loan Account,Fredrick_Sipes72@yahoo.com,Baby,nihil,5,1502.07
09bea061-597b-4940-9d46-8084ee5517ee,2026-04-11T05:30:16.567Z,529688,Heaney-Bradtkecester,Personal Loan Account,Sue_Trantow@yahoo.com,Electronics,autus,10,3607.08
1186b628-e4cc-4dab-a80f-43ba907921e6,2026-05-12T04:11:43.967Z,54248346,North Imeldaport,Savings Account,Ola36@yahoo.com,Toys,recusandae,8,4944.67
ec72f541-31ec-4869-a37f-c19d955addae,2026-04-21T06:13:43.532Z,26213160,Lake Oswald,Auto Loan Account,Anais.Sanford-Dach4@yahoo.com,Clothing,coma,6,3196.54
6665667e-5223-4c12-8d86-08c3ca03836d,2026-06-25T09:48:34.915Z,99542686,Lake Adrianfield,Money Market Account,Antonia67@hotmail.com,Clothing,blandior,1,264.1
ebb60def-4440-48f6-b66a-b8b07c01297a,2026-06-04T22:20:07.277Z,51821626,Luigishire,Money Market Account,Patrick7@gmail.com,Health,explicabo,2,783.97
177e71a8-f35f-4405-b815-de2787478f69,2026-04-12T03:12:24.661Z,56755020,Sageton,Home Loan Account,Dion.McKenzie71@gmail.com,Outdoors,eius,6,1082.96
2d885ae9-41ad-4f2f-93bd-dda4f28cb370,2026-07-01T21:57:59.720Z,72819839,North Parkermouth,Home Loan Account,Jon_Kshlerin22@hotmail.com,Shoes,condico,4,4655.5
60ae2069-8ea7-4666-906d-b52e040536bb,2026-05-01T02:35:47.535Z,85155839,Croninton,Money Market Account,Julie_Hoppe83@hotmail.com,Outdoors,comprehendo,3,3248.81
f9f6b34a-be1f-4b63-b353-748b64db3b8d,2026-06-06T13:55:52.611Z,85741802,Lake Antoninahaven,Credit Card Account,Annette.Graham67@hotmail.com,Games,aliquid,3,2326.71
6a40f38d-65ce-4599-b13d-a92e762032dc,2026-05-19T16:32:35.820Z,88838714,Port Greyson,Auto Loan Account,Kyle3@hotmail.com,Outdoors,patruus,6,2422.29
00a3dd00-ce8b-4a9d-be88-77b99aec0b51,2026-04-11T21:13:46.838Z,34850342,Cincinnati,Credit Card Account,Saige_Dicki@hotmail.com,Garden,soluta,9,1390.49
8dd827da-a6fb-4cd9-9089-24d6b03ad4a9,2026-05-15T13:10:33.425Z,40646708,West Maggieland,Auto Loan Account,Jaclyn.Huel74@yahoo.com,Electronics,cursim,6,2434.94
56640c24-d9d1-4673-b05c-57934d4c3916,2026-04-13T12:03:10.470Z,91551494,Jenniefort,Credit Card Account,Cassidy_Hagenes@yahoo.com,Industrial,ipsum,6,2121.38
a0b9fc8c-b91b-446d-8e97-c815379c5d9d,2026-05-01T09:48:12.322Z,28575446,Porterville,Savings Account,Domingo.Ortiz0@gmail.com,Health,tamquam,8,226.49
435e05d1-1f66-4e46-b4d1-224f00975380,2026-05-06T15:43:11.504Z,84982270,Lake Sanford,Money Market Account,Glennie.Towne71@gmail.com,Books,adsum,1,1651.84
372bf42d-50b7-4446-bc91-4037126f9f99,2026-04-18T02:44:00.648Z,25557855,Durgan-Rogahnworth,Home Loan Account,Davonte.Reichert79@gmail.com,Books,textus,3,2346.37
cd0ce345-4a11-4c33-8fb2-90bc03013317,2026-04-16T17:18:36.927Z,42373779,Gertrudestad,Savings Account,Sue.Wintheiser@gmail.com,Books,optio,5,2679.39
551fdc45-f60b-46e4-97fc-ed64ab34f254,2026-04-16T15:07:46.550Z,11778614,West Glenburgh,Money Market Account,Della.Schroeder58@hotmail.com,Grocery,culpa,3,2698.28
fc98823e-a525-403a-b2ed-184137170c96,2026-05-21T13:22:21.285Z,33869108,New Cliffordborough,Credit Card Account,Pearlie_Kshlerin@gmail.com,Grocery,textor,2,2152.43
368bac04-d10f-4c89-b32e-04698ae3772c,2026-05-19T20:59:41.640Z,97230184,Wyman-Batzfort,Personal Loan Account,Zakary_McGlynn39@yahoo.com,Home,commemoro,10,402.75
3cc5ce9e-9878-4b91-927b-721c8351cb96,2026-06-26T17:20:32.431Z,66286669,Mertz-Kirlinstead,Savings Account,Spencer_Bradtke@hotmail.com,Home,cenaculum,8,2741.52
22ec671e-1e70-45b1-84d2-f2ae8acc3a03,2026-06-10T08:50:02.480Z,95653899,East Providence,Home Loan Account,Maureen_Hauck@gmail.com,Electronics,odio,7,1916.62
9c07dd38-b816-4da2-b407-3dffaf7699ec,2026-05-31T14:50:55.368Z,54882426,Tigard,Credit Card Account,Vicenta99@hotmail.com,Home,argumentum,4,1908.1
23b3b6d9-f52d-4aba-b5bb-69e8c9ab2276,2026-04-19T19:25:49.462Z,34631481,O'Haraberg,Savings Account,Kiana_Shanahan@hotmail.com,Home,adsuesco,2,3134.43
5ca93b9c-c6d8-4a96-9b22-d2a5c6a5bc05,2026-04-15T13:17:32.659Z,81189316,Latoyafield,Checking Account,Aglae5@yahoo.com,Movies,alienus,5,4207.74
2ad8dbc8-c993-4ae3-bab5-324995dd813f,2026-06-06T20:41:20.238Z,87039950,Lake Delphahaven,Checking Account,Juanita.Ledner@gmail.com,Clothing,aggero,7,2169.93
98144e7f-8f10-4c73-97da-deb666f8d6d0,2026-04-11T21:53:07.819Z,26598586,West Frances,Money Market Account,Loren.Cruickshank5@hotmail.com,Home,arbor,10,1999.23
c5976763-214a-4ff3-b709-ad6f2ae7d040,2026-04-08T01:24:56.697Z,13879212,Hollystead,Savings Account,Alex54@yahoo.com,Computers,arbustum,10,847.45
5f147adc-9c00-4258-955b-03f5207ded22,2026-04-24T06:58:46.253Z,93387345,Cranston,Checking Account,Ozella76@yahoo.com,Electronics,ager,1,4789.69
c5b16c11-b72c-490b-ac72-b8f088ea7005,2026-05-30T16:20:59.207Z,78432129,Monicaside,Checking Account,Madilyn.Franey59@gmail.com,Kids,talis,3,1953.07
3a2fb746-e74c-4ead-ae7f-1d8e64160503,2026-05-31T13:00:52.834Z,2968285,Anaheim,Savings Account,Annie_Beer@gmail.com,Movies,cursus,3,3190.1
a806ea58-128f-4b8c-a171-ce83b607740e,2026-06-22T11:56:58.437Z,38006811,West Jackie,Checking Account,Titus.Hoeger40@yahoo.com,Shoes,venia,7,2048.52
ef9a3ca2-1dee-4b43-a77c-e42130475bfd,2026-04-08T09:28:44.650Z,83869058,Bellflower,Money Market Account,Otha_Hilpert51@hotmail.com,Baby,decumbo,10,2283.24
0bd20e22-cf35-4577-9430-2b0fc0c49863,2026-06-21T23:51:13.227Z,38776908,Traceville,Credit Card Account,Regina.Tromp@gmail.com,Games,adfero,1,3104.16
4d700110-e283-4f6f-8740-b85613589b59,2026-06-13T01:41:17.695Z,18943493,Lake Valentinshire,Auto Loan Account,Monroe_Halvorson-Veum33@hotmail.com,Computers,adeptio,10,1212.5
3e87c939-4de9-4be2-9000-f82f25456f1a,2026-04-12T13:50:45.099Z,23941233,Vickystad,Money Market Account,Theresa92@hotmail.com,Toys,ubi,7,1665.13
e7da1502-aacc-4128-aee8-033e8dec4f07,2026-06-13T12:15:03.032Z,13336873,West Jabariborough,Investment Account,Jeanette57@gmail.com,Shoes,perspiciatis,1,2588.53
a811b8b9-f7e8-4678-ac7b-17d8932733df,2026-05-31T05:45:39.934Z,49564904,West Sadyefurt,Investment Account,Freddie_Bashirian@gmail.com,Music,adiuvo,2,4839.32
5172181f-824f-4d40-9107-0f185b7835d4,2026-05-31T12:01:21.316Z,95629047,Donnelly-Kutchfort,Investment Account,Beatrice32@yahoo.com,Beauty,cattus,3,2143
57ae3a8c-d60a-48a4-ac7f-539da407653a,2026-05-11T08:29:10.055Z,51847885,Presleystad,Savings Account,Eric.Volkman27@gmail.com,Toys,vorax,1,543.68
137f3a67-dda0-421a-bd07-0c6cc6952518,2026-05-17T23:07:57.272Z,90713435,Elgin,Home Loan Account,Lila83@hotmail.com,Grocery,aptus,3,975.11
870085b5-b5b0-4d8b-b39e-784dff24ed89,2026-05-30T16:55:30.448Z,23378388,Andytown,Checking Account,Ida57@yahoo.com,Clothing,cursus,9,4417.41
2896ba33-a5f6-4315-b2fc-c68691e7cee9,2026-05-02T10:43:22.915Z,98434010,Lake Rhonda,Credit Card Account,Caroline98@hotmail.com,Music,vitiosus,10,2667.79
87e9afce-f629-4b6d-94a6-b00ab27f944d,2026-06-17T23:28:54.280Z,870506,West Benny,Investment Account,Ricky_Stamm@gmail.com,Beauty,fugit,6,870.45
7974004b-6930-4839-9fc4-028fb2ec6f3c,2026-05-09T08:42:02.481Z,88552638,Schoenworth,Home Loan Account,Nikita_Rosenbaum69@gmail.com,Shoes,dolor,10,1959.4
7aa479c3-1a01-4abb-b81e-6ddc5acce4bd,2026-05-18T00:32:02.221Z,52926009,Jenkinsbury,Money Market Account,Harmon2@hotmail.com,Books,tristis,6,4833.92
84871ee1-bd91-4f31-985a-f72e8a243f81,2026-07-01T23:28:14.724Z,46836707,La Mesa,Credit Card Account,Mervin_Towne@gmail.com,Kids,aedificium,2,2161.43
29fbca46-51bc-444c-a9ae-60b2b46be06d,2026-06-25T09:08:43.868Z,2348914,North Kavon,Checking Account,Rochelle.Kuhic@gmail.com,Shoes,ambulo,7,2809.32
9dd3cd2c-31ad-4e33-92e5-ef872763096c,2026-04-07T08:48:18.563Z,51137310,Ramonfort,Credit Card Account,Melba.Watsica52@gmail.com,Music,autus,10,935.87
d8ed332d-c949-42f9-9be0-866df8932c68,2026-05-31T20:47:10.040Z,14453465,West Seneca,Investment Account,Patty_Vandervort16@hotmail.com,Movies,clibanus,10,631.72
bf8f0f9e-701a-47ac-9646-0339d17b104e,2026-06-16T04:00:20.891Z,80564851,North Laceyburgh,Savings Account,Tabitha.Brakus@gmail.com,Grocery,adhaero,9,3522.62
